玩家名,行,列,用时/秒,时间,UNIX时间戳
小雨的一桐,20,14,'3.08,Thu Dec 16 2021 20:21:48 GMT+0800 (CST),1639657308
岚千砂都,14,10,'2.66,Thu Dec 16 2021 20:24:03 GMT+0800 (中国标准时间),1639657443
叶月恋,14,14,'3.17,Thu Dec 16 2021 20:26:45 GMT+0800 (中国标准时间),1639657605
圣泽悠奈,14,14,'2.24,Thu Dec 16 2021 20:26:53 GMT+0800 (中国标准时间),1639657613
岚千砂都,14,14,'1.31,Thu Dec 16 2021 20:27:04 GMT+0800 (中国标准时间),1639657624
涩谷香音,14,14,'1.17,Thu Dec 16 2021 20:27:08 GMT+0800 (中国标准时间),1639657628
平安名堇,14,14,'0.73,Thu Dec 16 2021 20:27:12 GMT+0800 (中国标准时间),1639657632
叶月恋,14,14,'0.82,Thu Dec 16 2021 20:27:17 GMT+0800 (中国标准时间),1639657637
平安名堇,14,14,'2.62,Thu Dec 16 2021 20:27:23 GMT+0800 (中国标准时间),1639657643
淘沙,14,10,'1.48,Thu Dec 16 2021 20:30:04 GMT+0800 (中国标准时间),1639657804
澳ρ,14,10,'0.96,Thu Dec 16 2021 20:30:26 GMT+0800 (中国标准时间),1639657826
岚千砂都,14,14,'1.67,Thu Dec 16 2021 20:30:49 GMT+0800 (中国标准时间),1639657849
岚千砂都,20,14,'2.26,Thu Dec 16 2021 20:30:56 GMT+0800 (中国标准时间),1639657856
平安名堇,20,14,'1.85,Thu Dec 16 2021 20:31:02 GMT+0800 (中国标准时间),1639657862
叶月恋,14,10,'2.41,Thu Dec 16 2021 20:42:14 GMT+0800 (中国标准时间),1639658534
ddde,14,10,'2.23,Thu Dec 16 2021 20:44:57 GMT+0800 (中国标准时间),1639658697
岚千砂都,14,10,'1.42,Thu Dec 16 2021 20:45:36 GMT+0800 (中国标准时间),1639658736
叶月恋,14,10,'2.07,Thu Dec 16 2021 20:48:34 GMT+0800 (中国标准时间),1639658914
岚千砂都,14,10,'1.57,Thu Dec 16 2021 20:54:02 GMT+0800 (中国标准时间),1639659242
叶月恋,20,14,'5.64,Thu Dec 16 2021 20:57:37 GMT+0800 (中国标准时间),1639659457
池浯,14,10,'2.55,Thu Dec 16 2021 21:01:48 GMT+0800 (中国标准时间),1639659708
池浯,14,10,'2.54,Thu Dec 16 2021 21:02:15 GMT+0800 (中国标准时间),1639659735
平安名堇,14,10,'2.19,Thu Dec 16 2021 21:10:00 GMT+0800 (中国标准时间),1639660200
响马贼,14,10,'2.92,Thu Dec 16 2021 21:12:12 GMT+0800 (中国标准时间),1639660332
响马贼,14,10,'1.59,Thu Dec 16 2021 21:12:42 GMT+0800 (中国标准时间),1639660362
平安名堇,14,10,'2.34,Thu Dec 16 2021 21:13:22 GMT+0800 (GMT+08:00),1639660402
响马贼,20,14,'2.78,Thu Dec 16 2021 21:13:31 GMT+0800 (中国标准时间),1639660411
孙伟,14,10,'1.10,Thu Dec 16 2021 21:13:56 GMT+0800 (GMT+08:00),1639660436
平安名堇,14,10,'2.55,Thu Dec 16 2021 21:22:38 GMT+0800 (中国标准时间),1639660958
鸣,20,14,'1.83,Thu Dec 16 2021 21:26:40 GMT+0800 (GMT+08:00),1639661200
澳ρ,20,14,'3.71,Thu Dec 16 2021 21:34:35 GMT+0800 (中国标准时间),1639661675
平安名堇,14,14,'2.66,Thu Dec 16 2021 21:34:55 GMT+0800 (CST),1639661695
涩谷香音,14,10,'2.24,Thu Dec 16 2021 21:35:05 GMT+0800 (中国标准时间),1639661705
澳ρ,14,10,'1.56,Thu Dec 16 2021 21:35:35 GMT+0800 (中国标准时间),1639661735
岚千砂都,14,10,'2.23,Thu Dec 16 2021 21:35:43 GMT+0800 (中国标准时间),1639661743
唐可可,14,10,'2.35,Thu Dec 16 2021 21:39:56 GMT+0800 (GMT+08:00),1639661996
罗锐SB,20,14,'3.07,Thu Dec 16 2021 21:42:19 GMT+0800 (中国标准时间),1639662139
平安名堇,9,9,'1.49,Thu Dec 16 2021 21:42:26 GMT+0800 (GMT+08:00),1639662146
神,20,14,'1.12,Thu Dec 16 2021 21:43:04 GMT+0800 (中国标准时间),1639662184
澳ρ,9,9,'1.42,Thu Dec 16 2021 21:43:05 GMT+0800 (GMT+08:00),1639662185
圣泽悠奈,9,9,'1.40,Thu Dec 16 2021 21:43:20 GMT+0800 (GMT+08:00),1639662200
澳ρ,20,14,'5.32,Thu Dec 16 2021 21:53:02 GMT+0800 (中国标准时间),1639662782
岚千砂都,14,10,'2.03,Thu Dec 16 2021 21:53:02 GMT+0800 (中国标准时间),1639662782
岚千砂都,14,10,'2.91,Thu Dec 16 2021 22:04:23 GMT+0800 (中国标准时间),1639663463
cicihaha,14,10,'1.78,Thu Dec 16 2021 22:04:39 GMT+0800 (中国标准时间),1639663479
唐可可,14,10,'1.85,Thu Dec 16 2021 22:05:54 GMT+0800 (中国标准时间),1639663554
平安名堇,14,10,'1.44,Thu Dec 16 2021 22:06:02 GMT+0800 (中国标准时间),1639663562
啊1,14,10,'2.24,Thu Dec 16 2021 22:06:04 GMT+0800 (中国标准时间),1639663564
啊1,14,10,'1.18,Thu Dec 16 2021 22:07:10 GMT+0800 (中国标准时间),1639663630
啊1,14,10,'1.95,Thu Dec 16 2021 22:07:56 GMT+0800 (中国标准时间),1639663676
涩谷香音,14,10,'2.87,Thu Dec 16 2021 22:09:44 GMT+0800 (中国标准时间),1639663784
涩谷香音,14,10,'2.17,Thu Dec 16 2021 22:12:54 GMT+0800 (中国标准时间),1639663974
平安名堇,14,10,'2.20,Thu Dec 16 2021 22:21:10 GMT+0800 (中国标准时间),1639664470
唐可可,20,14,'1.69,Thu Dec 16 2021 22:21:28 GMT+0800 (中国标准时间),1639664488
戚老师,14,10,'2.80,Thu Dec 16 2021 22:22:06 GMT+0800 (中国标准时间),1639664526
涩谷香音,10,10,'1.29,Thu Dec 16 2021 22:23:34 GMT+0800 (中国标准时间),1639664614
叶月恋,20,14,'0.93,Thu Dec 16 2021 22:23:56 GMT+0800 (中国标准时间),1639664636
岚千砂都,14,10,'2.30,Thu Dec 16 2021 22:25:43 GMT+0800 (CST),1639664743
涩谷香音,14,10,'2.99,Thu Dec 16 2021 22:26:54 GMT+0800 (CST),1639664814
江枫渔火,14,10,'2.86,Thu Dec 16 2021 22:37:20 GMT+0800 (中国标准时间),1639665440
江枫渔火,14,10,'2.80,Thu Dec 16 2021 22:37:57 GMT+0800 (中国标准时间),1639665477
唐可可,14,10,'2.05,Thu Dec 16 2021 22:39:40 GMT+0800 (GMT+08:00),1639665580
岚千砂都,14,10,'2.83,Thu Dec 16 2021 22:39:50 GMT+0800 (GMT+08:00),1639665590
kuroshio,14,10,'2.93,Thu Dec 16 2021 22:51:37 GMT+0800 (CST),1639666297
kuroshio,14,10,'2.65,Thu Dec 16 2021 22:52:01 GMT+0800 (CST),1639666321
kuroshio,14,10,'2.26,Thu Dec 16 2021 22:52:25 GMT+0800 (CST),1639666345
kuroshio,14,10,'1.27,Thu Dec 16 2021 22:53:00 GMT+0800 (CST),1639666380
kuroshio,14,10,'1.71,Thu Dec 16 2021 22:53:18 GMT+0800 (CST),1639666398
kuroshio,14,10,'2.60,Thu Dec 16 2021 22:53:44 GMT+0800 (CST),1639666424
kuroshio,14,10,'2.76,Thu Dec 16 2021 22:53:56 GMT+0800 (CST),1639666436
kuroshio,14,10,'1.79,Thu Dec 16 2021 22:54:04 GMT+0800 (CST),1639666444
kuroshio,14,10,'1.22,Thu Dec 16 2021 22:54:18 GMT+0800 (CST),1639666458
kuroshio,14,10,'2.46,Thu Dec 16 2021 22:55:24 GMT+0800 (CST),1639666524
唐可可,14,10,'1.86,Thu Dec 16 2021 22:55:34 GMT+0800 (中国标准时间),1639666534
kuroshio,14,10,'2.92,Thu Dec 16 2021 22:56:39 GMT+0800 (CST),1639666599
kuroshio,14,10,'2.66,Thu Dec 16 2021 22:56:57 GMT+0800 (CST),1639666617
kuroshio,14,10,'1.63,Thu Dec 16 2021 22:57:09 GMT+0800 (CST),1639666629
kuroshio,14,10,'1.86,Thu Dec 16 2021 22:57:17 GMT+0800 (CST),1639666637
kuroshio,14,10,'2.79,Thu Dec 16 2021 22:57:37 GMT+0800 (CST),1639666657
kuroshio,14,10,'1.78,Thu Dec 16 2021 22:57:46 GMT+0800 (CST),1639666666
kuroshio,14,10,'1.20,Thu Dec 16 2021 22:57:53 GMT+0800 (CST),1639666673
kuroshio,14,10,'1.08,Thu Dec 16 2021 22:58:02 GMT+0800 (CST),1639666682
kuroshio,14,10,'2.41,Thu Dec 16 2021 22:58:18 GMT+0800 (CST),1639666698
kuroshio,14,10,'2.19,Thu Dec 16 2021 22:58:58 GMT+0800 (CST),1639666738
kuroshio,14,10,'1.53,Thu Dec 16 2021 22:59:28 GMT+0800 (CST),1639666768
kuroshio,14,10,'2.94,Thu Dec 16 2021 23:00:10 GMT+0800 (CST),1639666810
kuroshio,14,10,'1.24,Thu Dec 16 2021 23:00:29 GMT+0800 (CST),1639666829
kuroshio,14,10,'1.35,Thu Dec 16 2021 23:00:36 GMT+0800 (CST),1639666836
平安名堇,14,10,'1.87,Thu Dec 16 2021 23:00:43 GMT+0800 (CST),1639666843
澳ρ,14,10,'1.69,Thu Dec 16 2021 23:00:49 GMT+0800 (CST),1639666849
涩谷香音,14,10,'2.41,Thu Dec 16 2021 23:00:55 GMT+0800 (CST),1639666855
kuroshio,14,10,'1.11,Thu Dec 16 2021 23:01:05 GMT+0800 (CST),1639666865
kuroshio,14,10,'1.06,Thu Dec 16 2021 23:01:20 GMT+0800 (CST),1639666880
涩谷香音,14,10,'1.14,Thu Dec 16 2021 23:01:31 GMT+0800 (CST),1639666891
kuroshio,14,10,'1.16,Thu Dec 16 2021 23:01:42 GMT+0800 (CST),1639666902
圣泽悠奈,7,6,'0.80,Thu Dec 16 2021 23:02:47 GMT+0800 (中国标准时间),1639666967
岚千砂都,14,10,'1.55,Thu Dec 16 2021 23:02:49 GMT+0800 (香港标准时间),1639666969
圣泽悠奈,7,6,'0.76,Thu Dec 16 2021 23:03:14 GMT+0800 (中国标准时间),1639666994
唐可可,7,6,'0.73,Thu Dec 16 2021 23:03:32 GMT+0800 (中国标准时间),1639667012
涩谷香音,7,6,'0.50,Thu Dec 16 2021 23:03:42 GMT+0800 (中国标准时间),1639667022
三十二,20,14,'3.77,Thu Dec 16 2021 23:13:37 GMT+0800 (中国标准时间),1639667617
三十二,20,14,'2.02,Thu Dec 16 2021 23:14:18 GMT+0800 (中国标准时间),1639667658
平安名堇,14,10,'1.49,Thu Dec 16 2021 23:18:46 GMT+0800 (中国标准时间),1639667926
涩谷香音,14,10,'1.57,Thu Dec 16 2021 23:19:01 GMT+0800 (中国标准时间),1639667941
澳ρ,20,14,'2.39,Thu Dec 16 2021 23:20:45 GMT+0800 (中国标准时间),1639668045
岚千砂都,14,10,'2.55,Thu Dec 16 2021 23:33:01 GMT+0800 (中国标准时间),1639668781
岚千砂都,20,14,'2.52,Thu Dec 16 2021 23:34:39 GMT+0800 (中国标准时间),1639668879
圣泽悠奈,20,14,'1.74,Thu Dec 16 2021 23:34:56 GMT+0800 (中国标准时间),1639668896
叶月恋,20,14,'1.48,Thu Dec 16 2021 23:35:07 GMT+0800 (中国标准时间),1639668907
平安名堇,20,14,'2.22,Thu Dec 16 2021 23:35:12 GMT+0800 (中国标准时间),1639668912
叶月恋,20,14,'1.84,Thu Dec 16 2021 23:35:17 GMT+0800 (中国标准时间),1639668917
叶月恋,20,14,'1.00,Thu Dec 16 2021 23:35:22 GMT+0800 (中国标准时间),1639668922
JoeVega,13,10,'2.25,Thu Dec 16 2021 23:47:00 GMT+0800 (台北标准时间),1639669620
叶月恋,14,10,'2.96,Thu Dec 16 2021 23:49:33 GMT+0800 (中国标准时间),1639669773
唐可可,14,10,'2.35,Thu Dec 16 2021 23:53:47 GMT+0800 (中国标准时间),1639670027
岚千砂都,14,10,'2.51,Fri Dec 17 2021 00:30:51 GMT+0800 (中国标准时间),1639672251
澳ρ,14,10,'1.51,Fri Dec 17 2021 00:31:18 GMT+0800 (中国标准时间),1639672278
涩谷香音,14,10,'2.08,Fri Dec 17 2021 00:31:23 GMT+0800 (中国标准时间),1639672283
圣泽悠奈,14,10,'1.76,Fri Dec 17 2021 00:34:51 GMT+0800 (CST),1639672491
涩谷香音,14,10,'1.35,Fri Dec 17 2021 00:39:07 GMT+0800 (中国标准时间),1639672747
岚千砂都,14,10,'2.66,Fri Dec 17 2021 00:44:14 GMT+0800 (中国标准时间),1639673054
泽国,14,10,'2.80,Fri Dec 17 2021 00:49:18 GMT+0800 (中国标准时间),1639673358
泽,14,10,'1.38,Fri Dec 17 2021 00:51:02 GMT+0800 (中国标准时间),1639673462
泽 泽,14,10,'1.14,Fri Dec 17 2021 00:51:16 GMT+0800 (中国标准时间),1639673476
泽1,14,10,'2.27,Fri Dec 17 2021 00:51:41 GMT+0800 (中国标准时间),1639673501
泽2,14,10,'1.92,Fri Dec 17 2021 00:52:39 GMT+0800 (中国标准时间),1639673559
澳ρ,14,10,'1.66,Fri Dec 17 2021 01:03:31 GMT+0800 (中国标准时间),1639674211
平安名堇,14,10,'1.24,Fri Dec 17 2021 01:04:05 GMT+0800 (中国标准时间),1639674245
岚千砂都,14,10,'1.97,Fri Dec 17 2021 01:05:07 GMT+0800 (中国标准时间),1639674307
Good林,14,10,'2.49,Fri Dec 17 2021 01:06:11 GMT+0800 (中国标准时间),1639674371
叶月恋,14,10,'2.73,Fri Dec 17 2021 01:08:39 GMT+0800 (中国标准时间),1639674519
唐可可,20,14,'3.70,Fri Dec 17 2021 01:08:48 GMT+0800 (中国标准时间),1639674528
平安名堇,20,14,'2.13,Fri Dec 17 2021 01:09:36 GMT+0800 (中国标准时间),1639674576
平安名堇,14,10,'2.16,Fri Dec 17 2021 01:11:15 GMT+0800 (CST),1639674675
琴妹与猫,14,10,'2.11,Fri Dec 17 2021 01:11:30 GMT+0800 (CST),1639674690
澳ρ,14,10,'2.04,Fri Dec 17 2021 01:11:57 GMT+0800 (CST),1639674717
澳ρ,14,10,'1.65,Fri Dec 17 2021 01:12:04 GMT+0800 (CST),1639674724
琴妹与猫,14,10,'2.04,Fri Dec 17 2021 01:13:01 GMT+0800 (CST),1639674781
milan merda,17,17,'2.80,Fri Dec 17 2021 01:19:50 GMT+0800 (中国标准时间),1639675190
叶月恋,10,10,'1.81,Fri Dec 17 2021 01:40:25 GMT+0800 (China Standard Time),1639676425
岚千砂都,14,10,'1.76,Fri Dec 17 2021 01:40:37 GMT+0800 (China Standard Time),1639676437
岚千砂都,14,10,'2.15,Fri Dec 17 2021 01:40:49 GMT+0800 (China Standard Time),1639676449
平安名堇,14,14,'2.87,Fri Dec 17 2021 01:44:53 GMT+0800 (中国标准时间),1639676693
平安名堇,14,14,'1.42,Fri Dec 17 2021 01:45:08 GMT+0800 (中国标准时间),1639676708
唐可可,14,14,'1.30,Fri Dec 17 2021 01:45:17 GMT+0800 (中国标准时间),1639676717
岚千砂都,14,10,'1.31,Fri Dec 17 2021 02:03:41 GMT+0800 (中国标准时间),1639677821
LYLE,14,10,'2.52,Fri Dec 17 2021 02:04:24 GMT+0800 (中国标准时间),1639677864
平安名堇,14,10,'0.95,Fri Dec 17 2021 02:26:41 GMT+0800 (中国标准时间),1639679201
平安名堇,14,10,'0.86,Fri Dec 17 2021 02:26:49 GMT+0800 (中国标准时间),1639679209
叶月恋,20,14,'1.06,Fri Dec 17 2021 02:27:27 GMT+0800 (中国标准时间),1639679247
涩谷香音,20,14,'1.17,Fri Dec 17 2021 04:33:05 GMT+0800 (中国标准时间),1639686785
澳ρ,14,10,'2.75,Fri Dec 17 2021 04:40:43 GMT+0800 (中国标准时间),1639687243
涩谷香音,14,10,'1.85,Fri Dec 17 2021 06:45:30 GMT+0800 (中国标准时间),1639694730
岚千砂都,14,10,'1.71,Fri Dec 17 2021 06:46:42 GMT+0800 (中国标准时间),1639694802
澳ρ,14,10,'2.99,Fri Dec 17 2021 06:53:26 GMT+0800 (中国标准时间),1639695206
叶月恋,14,10,'1.36,Fri Dec 17 2021 06:54:22 GMT+0800 (中国标准时间),1639695262
泡面大仙,14,14,'2.53,Fri Dec 17 2021 08:10:17 GMT+0800 (中国标准时间),1639699817
我本飞扬,14,10,'2.56,Fri Dec 17 2021 08:27:38 GMT+0800 (中国标准时间),1639700858
1,14,10,'1.31,Fri Dec 17 2021 08:42:33 GMT+0800 (中国标准时间),1639701753
叶月恋,14,14,'3.07,Fri Dec 17 2021 08:45:23 GMT+0800 (中国标准时间),1639701923
平安名堇,14,14,'1.84,Fri Dec 17 2021 08:45:38 GMT+0800 (中国标准时间),1639701938
涩谷香音,14,14,'3.13,Fri Dec 17 2021 08:45:49 GMT+0800 (中国标准时间),1639701949
圣泽悠奈,14,14,'1.82,Fri Dec 17 2021 08:45:55 GMT+0800 (中国标准时间),1639701955
圣泽悠奈,14,14,'1.66,Fri Dec 17 2021 08:46:00 GMT+0800 (中国标准时间),1639701960
圣泽悠奈,14,10,'2.90,Fri Dec 17 2021 08:47:20 GMT+0800 (中国标准时间),1639702040
辉煌至渣,14,10,'2.87,Fri Dec 17 2021 08:53:42 GMT+0800 (中国标准时间),1639702422
辉煌至渣,14,10,'1.77,Fri Dec 17 2021 08:54:22 GMT+0800 (中国标准时间),1639702462
平安名堇,14,10,'1.77,Fri Dec 17 2021 08:58:19 GMT+0800 (中国标准时间),1639702699
平安名堇,14,14,'2.39,Fri Dec 17 2021 08:58:35 GMT+0800 (中国标准时间),1639702715
叶月恋,20,14,'1.29,Fri Dec 17 2021 08:58:46 GMT+0800 (中国标准时间),1639702726
小白聋,14,14,'2.38,Fri Dec 17 2021 09:05:04 GMT+0800 (中国标准时间),1639703104
圣泽悠奈,14,10,'3.00,Fri Dec 17 2021 09:08:55 GMT+0800 (中国标准时间),1639703335
涩谷香音,14,10,'2.76,Fri Dec 17 2021 09:10:56 GMT+0800 (中国标准时间),1639703456
平安名堇,14,10,'1.03,Fri Dec 17 2021 09:11:06 GMT+0800 (中国标准时间),1639703466
圣泽悠奈,14,10,'2.39,Fri Dec 17 2021 09:16:37 GMT+0800 (China Standard Time),1639703797
哦？,14,10,'1.32,Fri Dec 17 2021 09:18:30 GMT+0800 (中国标准时间),1639703910
三浪,14,10,'2.94,Fri Dec 17 2021 09:24:05 GMT+0800 (中国标准时间),1639704245
三浪 ,14,10,'2.73,Fri Dec 17 2021 09:25:17 GMT+0800 (中国标准时间),1639704317
三浪,14,10,'1.67,Fri Dec 17 2021 09:25:48 GMT+0800 (中国标准时间),1639704348
叶月恋,14,10,'2.19,Fri Dec 17 2021 09:26:00 GMT+0800 (中国标准时间),1639704360
三浪,14,10,'1.24,Fri Dec 17 2021 09:26:06 GMT+0800 (中国标准时间),1639704366
三浪,14,10,'1.00,Fri Dec 17 2021 09:27:19 GMT+0800 (中国标准时间),1639704439
三浪,14,10,'2.30,Fri Dec 17 2021 09:27:36 GMT+0800 (中国标准时间),1639704456
kings,14,10,'2.90,Fri Dec 17 2021 09:27:37 GMT+0800 (中国标准时间),1639704457
3,14,10,'2.40,Fri Dec 17 2021 09:28:50 GMT+0800 (中国标准时间),1639704530
abc,20,14,'1.63,Fri Dec 17 2021 09:46:24 GMT+0800 (中国标准时间),1639705584
abc,20,20,'1.74,Fri Dec 17 2021 09:47:50 GMT+0800 (中国标准时间),1639705670
abc,20,14,'1.16,Fri Dec 17 2021 09:48:10 GMT+0800 (中国标准时间),1639705690
找到了,20,14,'3.83,Fri Dec 17 2021 09:51:47 GMT+0800 (China Standard Time),1639705907
圣泽悠奈,14,10,'1.87,Fri Dec 17 2021 09:52:55 GMT+0800 (China Standard Time),1639705975
叶月恋,14,10,'2.31,Fri Dec 17 2021 09:53:11 GMT+0800 (China Standard Time),1639705991
叶月恋,20,14,'1.80,Fri Dec 17 2021 09:55:45 GMT+0800 (China Standard Time),1639706145
圣泽悠奈,20,14,'2.25,Fri Dec 17 2021 09:56:50 GMT+0800 (China Standard Time),1639706210
涩谷香音,20,14,'3.67,Fri Dec 17 2021 09:57:02 GMT+0800 (China Standard Time),1639706222
岚千砂都,20,14,'1.72,Fri Dec 17 2021 09:58:55 GMT+0800 (China Standard Time),1639706335
平安名堇,20,14,'1.00,Fri Dec 17 2021 09:59:22 GMT+0800 (China Standard Time),1639706362
圣泽悠奈,20,14,'2.06,Fri Dec 17 2021 09:59:31 GMT+0800 (China Standard Time),1639706371
澳ρ,20,14,'1.19,Fri Dec 17 2021 09:59:40 GMT+0800 (China Standard Time),1639706380
澳ρ,20,14,'1.13,Fri Dec 17 2021 09:59:51 GMT+0800 (China Standard Time),1639706391
爸爸的爸爸,100,100,'3.38,Fri Dec 17 2021 10:03:12 GMT+0800 (China Standard Time),1639706592
龚树东,14,14,'1.72,Fri Dec 17 2021 10:12:37 GMT+0800 (中国标准时间),1639707157
唐绵绵,14,10,'2.98,Fri Dec 17 2021 10:23:34 GMT+0800 (中国标准时间),1639707814
唐绵绵本人,14,10,'1.70,Fri Dec 17 2021 10:28:32 GMT+0800 (中国标准时间),1639708112
唐绵绵本人,14,10,'2.07,Fri Dec 17 2021 10:28:51 GMT+0800 (中国标准时间),1639708131
唐绵绵,50,50,'5.69,Fri Dec 17 2021 10:30:19 GMT+0800 (中国标准时间),1639708219
唐绵绵,50,50,'3.60,Fri Dec 17 2021 10:30:33 GMT+0800 (中国标准时间),1639708233
小呢喃,20,20,'4.94,Fri Dec 17 2021 10:31:28 GMT+0800 (中国标准时间),1639708288
涩谷香音,14,10,'1.70,Fri Dec 17 2021 10:35:18 GMT+0800 (中国标准时间),1639708518
岚千砂都,14,10,'2.17,Fri Dec 17 2021 10:38:06 GMT+0800 (中国标准时间),1639708686
小呢喃,20,20,'8.37,Fri Dec 17 2021 10:43:55 GMT+0800 (中国标准时间),1639709035
小呢喃,20,20,'8.52,Fri Dec 17 2021 10:44:16 GMT+0800 (中国标准时间),1639709056
小呢喃,20,20,'4.75,Fri Dec 17 2021 10:44:30 GMT+0800 (中国标准时间),1639709070
唐可可,14,10,'2.12,Fri Dec 17 2021 10:49:27 GMT+0800 (中国标准时间),1639709367
涩谷香音,14,10,'2.48,Fri Dec 17 2021 10:49:41 GMT+0800 (中国标准时间),1639709381
澳ρ,14,10,'2.85,Fri Dec 17 2021 10:57:16 GMT+0800 (CST),1639709836
拐拐思密达,14,10,'2.21,Fri Dec 17 2021 10:57:34 GMT+0800 (CST),1639709854
拐拐思密达,14,10,'1.96,Fri Dec 17 2021 10:58:25 GMT+0800 (CST),1639709905
大白兔,14,10,'2.10,Fri Dec 17 2021 11:00:08 GMT+0800 (中国标准时间),1639710008
雄雄,20,14,'2.49,Fri Dec 17 2021 11:00:37 GMT+0800 (中国标准时间),1639710037
唐可可,14,10,'2.11,Fri Dec 17 2021 11:00:42 GMT+0800 (中国标准时间),1639710042
平安名堇,20,14,'1.21,Fri Dec 17 2021 11:00:55 GMT+0800 (中国标准时间),1639710055
叶月恋,20,14,'1.06,Fri Dec 17 2021 11:01:10 GMT+0800 (中国标准时间),1639710070
澳ρ,20,14,'0.97,Fri Dec 17 2021 11:01:16 GMT+0800 (中国标准时间),1639710076
岚千砂都,20,14,'3.19,Fri Dec 17 2021 11:01:27 GMT+0800 (中国标准时间),1639710087
纯属运气好,14,10,'1.88,Fri Dec 17 2021 11:01:45 GMT+0800 (中国标准时间),1639710105
china,7,10,'1.49,Fri Dec 17 2021 11:01:59 GMT+0800 (中国标准时间),1639710119
也是运气好,14,10,'1.53,Fri Dec 17 2021 11:02:40 GMT+0800 (中国标准时间),1639710160
真的运气好,14,10,'2.49,Fri Dec 17 2021 11:03:16 GMT+0800 (中国标准时间),1639710196
澳ρ,14,10,'1.88,Fri Dec 17 2021 11:03:35 GMT+0800 (中国标准时间),1639710215
china,7,10,'1.31,Fri Dec 17 2021 11:03:43 GMT+0800 (中国标准时间),1639710223
运气不太好,14,10,'2.22,Fri Dec 17 2021 11:03:44 GMT+0800 (中国标准时间),1639710224
好运气,14,10,'2.39,Fri Dec 17 2021 11:03:58 GMT+0800 (中国标准时间),1639710238
澳ρ,14,10,'1.96,Fri Dec 17 2021 11:04:41 GMT+0800 (中国标准时间),1639710281
大大大大大,10,10,'1.45,Fri Dec 17 2021 11:08:02 GMT+0800 (中国标准时间),1639710482
大大大大,10,10,'1.60,Fri Dec 17 2021 11:10:40 GMT+0800 (中国标准时间),1639710640
爸爸,20,14,'1.67,Fri Dec 17 2021 11:11:42 GMT+0800 (中国标准时间),1639710702
岚千砂都,14,10,'1.57,Fri Dec 17 2021 11:21:25 GMT+0800 (中国标准时间),1639711285
涩谷香音,14,10,'2.15,Fri Dec 17 2021 11:30:47 GMT+0800 (中国标准时间),1639711847
澳ρ,14,10,'1.23,Fri Dec 17 2021 11:31:05 GMT+0800 (中国标准时间),1639711865
三上悠亚,14,10,'1.99,Fri Dec 17 2021 11:44:50 GMT+0800 (中国标准时间),1639712690
岚千砂都,14,10,'2.60,Fri Dec 17 2021 11:52:17 GMT+0800 (中国标准时间),1639713137
咩咩咩,14,10,'2.18,Fri Dec 17 2021 11:53:15 GMT+0800 (中国标准时间),1639713195
平安名堇,20,14,'3.39,Fri Dec 17 2021 11:59:05 GMT+0800 (中国标准时间),1639713545
你群lsp,14,10,'1.95,Fri Dec 17 2021 12:28:25 GMT+0800 (China Standard Time),1639715305
LBC,20,14,'2.31,Fri Dec 17 2021 12:43:13 GMT+0800 (中国标准时间),1639716193
叶月恋,5,5,'0.36,Fri Dec 17 2021 12:43:20 GMT+0800 (中rg),1639716200
LBC,20,14,'1.28,Fri Dec 17 2021 12:44:10 GMT+0800 (中国标准时间),1639716250
岚千砂都,14,10,'2.21,Fri Dec 17 2021 12:46:47 GMT+0800 (中国标准时间),1639716407
澳ρ,20,20,'5.42,Fri Dec 17 2021 12:54:18 GMT+0800 (中国标准时间),1639716858
圣泽悠奈,20,20,'5.89,Fri Dec 17 2021 12:54:34 GMT+0800 (中国标准时间),1639716874
lovelyxuan,20,14,'4.68,Fri Dec 17 2021 13:24:15 GMT+0800 (中国标准时间),1639718655
唐可可,10,10,'1.89,Fri Dec 17 2021 13:25:16 GMT+0800 (中国标准时间),1639718716
澳ρ,14,10,'1.93,Fri Dec 17 2021 13:25:38 GMT+0800 (中国标准时间),1639718738
澳ρ,20,14,'5.00,Fri Dec 17 2021 13:26:08 GMT+0800 (中国标准时间),1639718768
澳ρ,14,10,'1.22,Fri Dec 17 2021 13:26:34 GMT+0800 (中国标准时间),1639718794
岚千砂都,14,10,'1.50,Fri Dec 17 2021 13:26:39 GMT+0800 (中国标准时间),1639718799
平安名堇,20,14,'1.36,Fri Dec 17 2021 13:26:49 GMT+0800 (中国标准时间),1639718809
平安名堇,14,10,'2.05,Fri Dec 17 2021 13:26:51 GMT+0800 (中国标准时间),1639718811
唐可可,20,14,'1.85,Fri Dec 17 2021 13:26:57 GMT+0800 (中国标准时间),1639718817
平安名堇,14,10,'0.76,Fri Dec 17 2021 13:26:57 GMT+0800 (中国标准时间),1639718817
平安名堇,20,14,'2.84,Fri Dec 17 2021 13:27:09 GMT+0800 (中国标准时间),1639718829
平安名堇,20,14,'1.56,Fri Dec 17 2021 13:27:15 GMT+0800 (中国标准时间),1639718835
岚千砂都,14,14,'1.64,Fri Dec 17 2021 13:49:06 GMT+0800 (中国标准时间),1639720146
圣泽悠奈,14,10,'2.23,Fri Dec 17 2021 13:49:59 GMT+0800 (中国标准时间),1639720199
澳ρ,14,10,'1.91,Fri Dec 17 2021 13:50:09 GMT+0800 (中国标准时间),1639720209
唐可可,14,10,'1.98,Fri Dec 17 2021 13:53:21 GMT+0800 (中国标准时间),1639720401
涩谷香音,20,14,'0.76,Fri Dec 17 2021 14:09:17 GMT+0800 (中国标准时间),1639721357
岚千砂都,20,14,'2.94,Fri Dec 17 2021 14:09:56 GMT+0800 (中国标准时间),1639721396
圣泽悠奈,20,14,'1.45,Fri Dec 17 2021 14:21:59 GMT+0800 (中国标准时间),1639722119
czdriver,14,10,'2.24,Fri Dec 17 2021 14:24:28 GMT+0800 (China Standard Time),1639722268
czdriver,14,10,'2.24,Fri Dec 17 2021 14:26:32 GMT+0800 (China Standard Time),1639722392
澳ρ,14,10,'2.62,Fri Dec 17 2021 14:34:00 GMT+0800 (中国标准时间),1639722840
唐可可,14,10,'2.05,Fri Dec 17 2021 14:36:23 GMT+0800 (中国标准时间),1639722983
岚千砂都,14,10,'2.91,Fri Dec 17 2021 14:39:28 GMT+0800 (中国标准时间),1639723168
叶月恋,20,14,'5.98,Fri Dec 17 2021 14:39:58 GMT+0800 (中国标准时间),1639723198
涩谷香音,20,14,'5.37,Fri Dec 17 2021 14:40:10 GMT+0800 (中国标准时间),1639723210
CUPID,14,10,'2.78,Fri Dec 17 2021 14:43:56 GMT+0800 (中国标准时间),1639723436
CUPID,14,10,'1.69,Fri Dec 17 2021 14:44:18 GMT+0800 (中国标准时间),1639723458
CUPID,14,10,'2.62,Fri Dec 17 2021 14:44:29 GMT+0800 (中国标准时间),1639723469
CUPID,14,10,'1.59,Fri Dec 17 2021 14:44:42 GMT+0800 (中国标准时间),1639723482
CUPID,14,10,'1.13,Fri Dec 17 2021 14:44:53 GMT+0800 (中国标准时间),1639723493
CUPID,14,10,'1.14,Fri Dec 17 2021 14:46:07 GMT+0800 (中国标准时间),1639723567
CUPID,14,10,'2.15,Fri Dec 17 2021 14:46:36 GMT+0800 (中国标准时间),1639723596
CUPID,14,10,'1.13,Fri Dec 17 2021 14:46:52 GMT+0800 (中国标准时间),1639723612
叶子,14,10,'2.44,Fri Dec 17 2021 14:55:12 GMT+0800 (中国标准时间),1639724112
圣泽悠奈,200,200,'9993.63,Fri Dec 17 2021 15:08:24 GMT+0800 (中国标准时间),1639724904
涩谷香音,20,14,'4.39,Fri Dec 17 2021 15:10:48 GMT+0800 (中国标准时间),1639725048
这个开了挂,300,300,'9994.48,Fri Dec 17 2021 15:12:18 GMT+0800 (中国标准时间),1639725138
岚千砂都,300,300,'9995.11,Fri Dec 17 2021 15:13:14 GMT+0800 (中国标准时间),1639725194
这个开了挂,400,400,'9995.90,Fri Dec 17 2021 15:15:03 GMT+0800 (中国标准时间),1639725303
澳ρ,400,400,'9996.76,Fri Dec 17 2021 15:16:41 GMT+0800 (中国标准时间),1639725401
这个开了挂,400,400,'9998.43,Fri Dec 17 2021 15:17:15 GMT+0800 (中国标准时间),1639725435
唐可可,100,100,'9991.97,Fri Dec 17 2021 15:18:17 GMT+0800 (中国标准时间),1639725497
这个开了挂,100,100,'9991.61,Fri Dec 17 2021 15:18:37 GMT+0800 (中国标准时间),1639725517
这个开了挂,100,100,'9992.23,Fri Dec 17 2021 15:18:53 GMT+0800 (中国标准时间),1639725533
这个开了挂,100,100,'9991.88,Fri Dec 17 2021 15:19:04 GMT+0800 (中国标准时间),1639725544
这个开了挂,100,100,'9991.96,Fri Dec 17 2021 15:19:28 GMT+0800 (中国标准时间),1639725568
这个开了挂,50,50,'9992.41,Fri Dec 17 2021 15:21:15 GMT+0800 (中国标准时间),1639725675
这个开了挂,50,50,'9992.49,Fri Dec 17 2021 15:21:31 GMT+0800 (中国标准时间),1639725691
这个开了挂,50,50,'9992.65,Fri Dec 17 2021 15:22:50 GMT+0800 (中国标准时间),1639725770
这个开了挂,50,50,'9991.71,Fri Dec 17 2021 15:22:59 GMT+0800 (中国标准时间),1639725779
这个开了挂,50,50,'9991.64,Fri Dec 17 2021 15:23:05 GMT+0800 (中国标准时间),1639725785
这个开了挂,50,50,'9992.25,Fri Dec 17 2021 15:23:51 GMT+0800 (中国标准时间),1639725831
这个开了挂,50,50,'9992.14,Fri Dec 17 2021 15:23:59 GMT+0800 (中国标准时间),1639725839
这个开了挂,50,50,'9991.61,Fri Dec 17 2021 15:24:05 GMT+0800 (中国标准时间),1639725845
这个开了挂,50,50,'9991.97,Fri Dec 17 2021 15:24:19 GMT+0800 (中国标准时间),1639725859
这个开了挂,50,50,'9992.04,Fri Dec 17 2021 15:24:32 GMT+0800 (中国标准时间),1639725872
这个开了挂,50,50,'9991.91,Fri Dec 17 2021 15:24:39 GMT+0800 (中国标准时间),1639725879
这个开了挂,100,100,'9991.63,Fri Dec 17 2021 15:26:14 GMT+0800 (中国标准时间),1639725974
这个开了挂,100,100,'9991.43,Fri Dec 17 2021 15:26:33 GMT+0800 (中国标准时间),1639725993
这个开了挂,100,100,'9991.59,Fri Dec 17 2021 15:26:48 GMT+0800 (中国标准时间),1639726008
这个开了挂,100,100,'9991.97,Fri Dec 17 2021 15:27:05 GMT+0800 (中国标准时间),1639726025
这个开了挂,100,100,'9991.72,Fri Dec 17 2021 15:27:15 GMT+0800 (中国标准时间),1639726035
这个开了挂,100,100,'9991.56,Fri Dec 17 2021 15:27:21 GMT+0800 (中国标准时间),1639726041
这个开了挂,100,100,'9991.63,Fri Dec 17 2021 15:27:40 GMT+0800 (中国标准时间),1639726060
这个开了挂,100,100,'9991.51,Fri Dec 17 2021 15:27:54 GMT+0800 (中国标准时间),1639726074
这个开了挂,200,200,'9993.50,Fri Dec 17 2021 15:29:17 GMT+0800 (中国标准时间),1639726157
这个开了挂,200,200,'9992.49,Fri Dec 17 2021 15:29:47 GMT+0800 (中国标准时间),1639726187
这个开了挂,200,200,'9992.41,Fri Dec 17 2021 15:30:14 GMT+0800 (中国标准时间),1639726214
这个开了挂,200,200,'9992.41,Fri Dec 17 2021 15:30:34 GMT+0800 (中国标准时间),1639726234
这个开了挂,200,200,'9993.34,Fri Dec 17 2021 15:30:51 GMT+0800 (中国标准时间),1639726251
唐可可,14,10,'1.20,Fri Dec 17 2021 15:31:08 GMT+0800 (中国标准时间),1639726268
aappaa,20,14,'3.20,Fri Dec 17 2021 15:34:51 GMT+0800 (GMT+08:00),1639726491
ET,14,10,'2.82,Fri Dec 17 2021 15:44:28 GMT+0800 (中国标准时间),1639727068
平平无奇黄某贞,14,10,'1.05,Fri Dec 17 2021 15:45:51 GMT+0800 (中国标准时间),1639727151
Leo,20,14,'1.32,Fri Dec 17 2021 16:02:50 GMT+0800 (中国标准时间),1639728170
Leo Alan,14,10,'0.10,Fri Dec 17 2021 16:06:49 GMT+0800 (中国标准时间),1639728409
刘嘉尧,14,10,'0.01,Fri Dec 17 2021 16:08:12 GMT+0800 (中国标准时间),1639728492
啦啦啦,200,200,'0.01,Fri Dec 17 2021 16:09:08 GMT+0800 (中国标准时间),1639728548
nanami,14,10,'1.39,Fri Dec 17 2021 16:10:23 GMT+0800 (中国标准时间),1639728623
牛奶冰糖君,14,10,'1.23,Fri Dec 17 2021 16:10:59 GMT+0800 (中国标准时间),1639728659
叶月恋,14,10,'1.58,Fri Dec 17 2021 16:30:16 GMT+0800 (中国标准时间),1639729816
深井猹猹,14,10,'1.16,Fri Dec 17 2021 16:31:05 GMT+0800 (中国标准时间),1639729865
深井猹猹,20,14,'1.40,Fri Dec 17 2021 16:32:22 GMT+0800 (中国标准时间),1639729942
深井猹猹,20,14,'1.27,Fri Dec 17 2021 16:32:40 GMT+0800 (中国标准时间),1639729960
深井猹猹,20,20,'1.74,Fri Dec 17 2021 16:34:16 GMT+0800 (中国标准时间),1639730056
叶月恋,20,14,'3.86,Fri Dec 17 2021 16:43:44 GMT+0800 (中国标准时间),1639730624
叶月恋,14,10,'1.85,Fri Dec 17 2021 16:52:08 GMT+0800 (中国标准时间),1639731128
马桶刷子,14,14,'3.47,Fri Dec 17 2021 17:10:34 GMT+0800 (中国标准时间),1639732234
平安名堇,20,14,'4.18,Fri Dec 17 2021 17:29:10 GMT+0800 (中国标准时间),1639733350
圣泽悠奈,14,10,'2.04,Fri Dec 17 2021 17:39:53 GMT+0800 (CST),1639733993
平安,14,10,'1.27,Fri Dec 17 2021 17:41:07 GMT+0800 (CST),1639734067
叶月恋,14,10,'1.61,Fri Dec 17 2021 17:41:18 GMT+0800 (CST),1639734078
晨间的雨,20,14,'2.93,Fri Dec 17 2021 17:56:43 GMT+0800 (中国标准时间),1639735003
晨间的雨,20,14,'4.90,Fri Dec 17 2021 17:57:33 GMT+0800 (中国标准时间),1639735053
晨间的雨,20,14,'1.78,Fri Dec 17 2021 17:57:53 GMT+0800 (中国标准时间),1639735073
晨间的雨,20,14,'1.36,Fri Dec 17 2021 17:58:19 GMT+0800 (中国标准时间),1639735099
澳ρ,14,10,'1.53,Fri Dec 17 2021 18:16:55 GMT+0800 (中国标准时间),1639736215
岚千砂都,14,10,'0.86,Fri Dec 17 2021 18:17:09 GMT+0800 (中国标准时间),1639736229
涩谷香音,14,10,'1.17,Fri Dec 17 2021 18:18:00 GMT+0800 (中国标准时间),1639736280
叶月恋,20,14,'1.01,Fri Dec 17 2021 18:18:08 GMT+0800 (中国标准时间),1639736288
澳ρ,14,10,'1.97,Fri Dec 17 2021 18:32:49 GMT+0800 (中国标准时间),1639737169
唐可可,14,10,'2.60,Fri Dec 17 2021 18:33:00 GMT+0800 (中国标准时间),1639737180
澳ρ,20,14,'2.95,Fri Dec 17 2021 18:34:43 GMT+0800 (中国标准时间),1639737283
叶月恋,14,10,'1.82,Fri Dec 17 2021 18:37:06 GMT+0800 (香港标准时间),1639737426
涩谷香音,14,14,'2.93,Fri Dec 17 2021 18:48:33 GMT+0800 (中国标准时间),1639738113
77777,14,14,'2.71,Fri Dec 17 2021 18:50:21 GMT+0800 (中国标准时间),1639738221
唐可可77777,14,14,'3.53,Fri Dec 17 2021 18:50:54 GMT+0800 (中国标准时间),1639738254
澳ρ,20,14,'3.68,Fri Dec 17 2021 18:52:21 GMT+0800 (中国标准时间),1639738341
平安名堇77777777777,20,14,'5.01,Fri Dec 17 2021 18:53:01 GMT+0800 (中国标准时间),1639738381
岚千砂都477777777,20,14,'2.88,Fri Dec 17 2021 18:53:33 GMT+0800 (中国标准时间),1639738413
岚千砂都,14,10,'0.08,Fri Dec 17 2021 18:54:02 GMT+0800 (中国标准时间),1639738442
木落错叶,14,10,'2.06,Fri Dec 17 2021 18:54:51 GMT+0800 (台北标准时间),1639738491
平安民警,14,10,'2.29,Fri Dec 17 2021 18:56:07 GMT+0800 (中国标准时间),1639738567
涩谷香音,14,10,'1.58,Fri Dec 17 2021 18:58:09 GMT+0800 (中国标准时间),1639738689
圣泽悠奈,14,10,'1.47,Fri Dec 17 2021 18:58:16 GMT+0800 (中国标准时间),1639738696
唐可可,14,10,'2.42,Fri Dec 17 2021 18:58:23 GMT+0800 (中国标准时间),1639738703
qqqqq,20,14,'3.25,Fri Dec 17 2021 19:08:13 GMT+0800 (中国标准时间),1639739293
qqqqqqq,20,14,'4.77,Fri Dec 17 2021 19:09:15 GMT+0800 (中国标准时间),1639739355
唐可可,14,10,'2.90,Fri Dec 17 2021 19:21:02 GMT+0800 (中国标准时间),1639740062
涩谷香音,14,10,'2.01,Fri Dec 17 2021 19:29:24 GMT+0800 (中国标准时间),1639740564
唐可可,14,10,'1.81,Fri Dec 17 2021 19:32:25 GMT+0800 (中国标准时间),1639740745
cninto,14,10,'1.16,Fri Dec 17 2021 19:41:49 GMT+0800 (中国标准时间),1639741309
cninto,14,14,'1.15,Fri Dec 17 2021 19:42:55 GMT+0800 (中国标准时间),1639741375
cninto,20,14,'1.24,Fri Dec 17 2021 19:44:32 GMT+0800 (中国标准时间),1639741472
cninto,20,14,'1.01,Fri Dec 17 2021 19:45:06 GMT+0800 (中国标准时间),1639741506
cninto,20,14,'0.87,Fri Dec 17 2021 19:46:22 GMT+0800 (中国标准时间),1639741582
糖星曲奇,14,10,'1.22,Fri Dec 17 2021 19:48:40 GMT+0800 (中国标准时间),1639741720
糖星曲奇,14,10,'2.04,Fri Dec 17 2021 19:51:28 GMT+0800 (中国标准时间),1639741888
糖星曲奇,14,10,'2.71,Fri Dec 17 2021 19:52:32 GMT+0800 (中国标准时间),1639741952
糖星曲奇,14,10,'2.55,Fri Dec 17 2021 19:54:33 GMT+0800 (中国标准时间),1639742073
糖星曲奇,14,10,'1.24,Fri Dec 17 2021 19:56:03 GMT+0800 (中国标准时间),1639742163
糖星曲奇,14,10,'2.39,Fri Dec 17 2021 19:58:28 GMT+0800 (中国标准时间),1639742308
糖星曲奇,14,10,'1.90,Fri Dec 17 2021 19:58:53 GMT+0800 (中国标准时间),1639742333
澳ρ,20,20,'2.50,Fri Dec 17 2021 20:35:11 GMT+0800 (中国标准时间),1639744511
岚千砂都,20,20,'4.46,Fri Dec 17 2021 20:35:50 GMT+0800 (中国标准时间),1639744550
程小小,14,10,'1.33,Fri Dec 17 2021 20:46:29 GMT+0800 (中国标准时间),1639745189
驼子哥,14,10,'2.03,Fri Dec 17 2021 20:51:46 GMT+0800 (CST),1639745506
叶月恋,14,10,'2.69,Fri Dec 17 2021 21:00:34 GMT+0800 (中国标准时间),1639746034
XUuuuu,20,14,'2.07,Fri Dec 17 2021 21:04:07 GMT+0800 (中国标准时间),1639746247
澳ρ,14,10,'1.57,Fri Dec 17 2021 21:09:58 GMT+0800 (香港标准时间),1639746598
涩谷香音,14,10,'2.55,Fri Dec 17 2021 21:10:27 GMT+0800 (香港标准时间),1639746627
叶月恋,14,10,'2.58,Fri Dec 17 2021 21:11:03 GMT+0800 (香港标准时间),1639746663
澳ρ,14,10,'1.42,Fri Dec 17 2021 21:34:52 GMT+0800 (中国标准时间),1639748092
圣泽悠奈,14,10,'1.24,Fri Dec 17 2021 21:35:29 GMT+0800 (中国标准时间),1639748129
叶月恋,14,10,'2.69,Fri Dec 17 2021 21:36:36 GMT+0800 (中国标准时间),1639748196
涩谷香音,14,10,'2.51,Fri Dec 17 2021 21:36:44 GMT+0800 (中国标准时间),1639748204
唐可可,14,10,'1.64,Fri Dec 17 2021 21:40:17 GMT+0800 (CST),1639748417
valver,14,10,'1.48,Fri Dec 17 2021 21:46:43 GMT+0800 (CST),1639748803
唐可可,14,10,'1.88,Fri Dec 17 2021 21:46:57 GMT+0800 (中国标准时间),1639748817
涩谷香音,14,10,'1.06,Fri Dec 17 2021 21:47:14 GMT+0800 (中国标准时间),1639748834
平安名堇,14,10,'1.52,Fri Dec 17 2021 21:47:21 GMT+0800 (中国标准时间),1639748841
岚千砂都,14,10,'0.80,Fri Dec 17 2021 21:47:32 GMT+0800 (中国标准时间),1639748852
valver,14,10,'1.47,Fri Dec 17 2021 21:47:38 GMT+0800 (CST),1639748858
叶月恋,14,10,'1.05,Fri Dec 17 2021 21:47:42 GMT+0800 (中国标准时间),1639748862
valver,14,10,'1.52,Fri Dec 17 2021 21:48:06 GMT+0800 (CST),1639748886
岚千砂都,14,10,'1.71,Fri Dec 17 2021 21:48:30 GMT+0800 (中国标准时间),1639748910
valver,14,10,'0.95,Fri Dec 17 2021 21:48:55 GMT+0800 (CST),1639748935
valver,14,10,'0.98,Fri Dec 17 2021 21:49:07 GMT+0800 (CST),1639748947
涩谷香音,14,10,'2.85,Fri Dec 17 2021 21:52:03 GMT+0800 (中国标准时间),1639749123
滴滴,14,10,'1.52,Fri Dec 17 2021 21:52:15 GMT+0800 (中国标准时间),1639749135
hahah,14,10,'2.47,Fri Dec 17 2021 21:55:51 GMT+0800 (中国标准时间),1639749351
hahah,14,10,'1.88,Fri Dec 17 2021 21:56:14 GMT+0800 (中国标准时间),1639749374
hahah,14,10,'2.26,Fri Dec 17 2021 21:57:11 GMT+0800 (中国标准时间),1639749431
yyc,20,14,'1.07,Fri Dec 17 2021 21:59:20 GMT+0800 (中国标准时间),1639749560
tdchopper,14,10,'1.87,Fri Dec 17 2021 22:01:01 GMT+0800 (香港标准时间),1639749661
唐可可22,14,10,'1.67,Fri Dec 17 2021 22:06:36 GMT+0800 (中国标准时间),1639749996
岚千砂都,20,14,'5.16,Fri Dec 17 2021 22:07:05 GMT+0800 (中国标准时间),1639750025
唐可可,14,10,'2.23,Fri Dec 17 2021 22:13:24 GMT+0800 (中国标准时间),1639750404
岚千砂都,14,10,'2.12,Fri Dec 17 2021 22:29:15 GMT+0800 (中国标准时间),1639751355
澳ρ,14,10,'2.86,Fri Dec 17 2021 22:30:34 GMT+0800 (中国标准时间),1639751434
平安名堇,14,10,'2.86,Fri Dec 17 2021 22:36:28 GMT+0800 (中国标准时间),1639751788
涩谷香音,14,10,'2.39,Fri Dec 17 2021 22:42:00 GMT+0800 (中国标准时间),1639752120
唐可可,14,10,'1.31,Fri Dec 17 2021 22:42:18 GMT+0800 (中国标准时间),1639752138
唐可可,20,14,'1.34,Fri Dec 17 2021 22:42:29 GMT+0800 (中国标准时间),1639752149
平安名堇,20,14,'1.25,Fri Dec 17 2021 22:42:36 GMT+0800 (中国标准时间),1639752156
唐可可,20,14,'1.13,Fri Dec 17 2021 22:42:42 GMT+0800 (中国标准时间),1639752162
圣泽悠奈,20,14,'1.04,Fri Dec 17 2021 22:42:48 GMT+0800 (中国标准时间),1639752168
叶月恋,20,14,'2.66,Fri Dec 17 2021 22:44:39 GMT+0800 (中国标准时间),1639752279
黯,14,10,'1.04,Fri Dec 17 2021 22:55:32 GMT+0800 (中国标准时间),1639752932
唐可可,20,14,'1.18,Fri Dec 17 2021 23:09:45 GMT+0800 (中国标准时间),1639753785
圣泽悠奈,14,10,'2.73,Sat Dec 18 2021 00:51:56 GMT+0800 (中国标准时间),1639759916
叶月恋,14,10,'2.70,Sat Dec 18 2021 00:52:41 GMT+0800 (中国标准时间),1639759961
岚千砂都,14,10,'2.49,Sat Dec 18 2021 00:57:16 GMT+0800 (中国标准时间),1639760236
唐可可,20,14,'1.37,Sat Dec 18 2021 00:57:31 GMT+0800 (中国标准时间),1639760251
唐可可,14,14,'1.53,Sat Dec 18 2021 00:57:42 GMT+0800 (中国标准时间),1639760262
澳ρ,20,14,'3.34,Sat Dec 18 2021 00:57:51 GMT+0800 (中国标准时间),1639760271
涩谷香音,14,10,'0.68,Sat Dec 18 2021 00:58:17 GMT+0800 (中国标准时间),1639760297
平安名堇,14,10,'2.62,Sat Dec 18 2021 02:00:17 GMT+0800 (中国标准时间),1639764017
叶月恋,14,10,'1.01,Sat Dec 18 2021 02:24:07 GMT+0800 (中国标准时间),1639765447
叶月恋,14,10,'1.71,Sat Dec 18 2021 02:51:07 GMT+0800 (中国标准时间),1639767067
叶月恋,14,10,'1.79,Sat Dec 18 2021 02:52:48 GMT+0800 (中国标准时间),1639767168
唐可可,14,10,'2.34,Sat Dec 18 2021 03:41:07 GMT+0800 (中国标准时间),1639770067
牛马,14,10,'2.21,Sat Dec 18 2021 08:08:06 GMT+0800 (China Standard Time),1639786086
涩谷香音,14,10,'2.25,Sat Dec 18 2021 08:08:55 GMT+0800 (China Standard Time),1639786135
王骏,14,10,'1.64,Sat Dec 18 2021 09:27:05 GMT+0800 (中国标准时间),1639790825
平安名堇,14,10,'1.28,Sat Dec 18 2021 09:41:40 GMT+0800 (中国标准时间),1639791700
圣泽悠奈,14,10,'2.96,Sat Dec 18 2021 10:18:05 GMT+0800 (中国标准时间),1639793885
圣泽悠奈,14,10,'1.25,Sat Dec 18 2021 10:18:17 GMT+0800 (中国标准时间),1639793897
圣泽悠奈,14,10,'2.01,Sat Dec 18 2021 10:18:25 GMT+0800 (中国标准时间),1639793905
澳ρ,14,10,'2.71,Sat Dec 18 2021 11:07:34 GMT+0800 (中国标准时间),1639796854
岚千砂都,14,10,'1.73,Sat Dec 18 2021 11:08:31 GMT+0800 (中国标准时间),1639796911
澳ρ,14,10,'2.55,Sat Dec 18 2021 11:25:02 GMT+0800 (中国标准时间),1639797902
古帅,14,10,'2.36,Sat Dec 18 2021 11:27:38 GMT+0800 (中国标准时间),1639798058
古帅1,14,10,'2.87,Sat Dec 18 2021 11:28:16 GMT+0800 (中国标准时间),1639798096
古帅2,14,10,'2.21,Sat Dec 18 2021 11:28:53 GMT+0800 (中国标准时间),1639798133
唐可可,14,10,'2.93,Sat Dec 18 2021 11:29:50 GMT+0800 (中国标准时间),1639798190
ww,14,10,'2.32,Sat Dec 18 2021 12:24:23 GMT+0800 (中国标准时间),1639801463
平安名堇,14,10,'1.42,Sat Dec 18 2021 12:32:51 GMT+0800 (中国标准时间),1639801971
岚千砂都,20,14,'2.38,Sat Dec 18 2021 12:33:11 GMT+0800 (中国标准时间),1639801991
平安名堇,20,14,'1.18,Sat Dec 18 2021 12:33:20 GMT+0800 (中国标准时间),1639802000
圣泽悠奈,14,10,'2.51,Sat Dec 18 2021 13:10:18 GMT+0800 (中国标准时间),1639804218
澳ρ,14,10,'2.81,Sat Dec 18 2021 13:10:46 GMT+0800 (中国标准时间),1639804246
辣炒米粉,14,10,'1.26,Sat Dec 18 2021 13:25:40 GMT+0800 (香港标准时间),1639805140
辣炒米粉,14,10,'1.09,Sat Dec 18 2021 13:26:27 GMT+0800 (香港标准时间),1639805187
辣炒米粉,30,30,'2.56,Sat Dec 18 2021 13:27:34 GMT+0800 (香港标准时间),1639805254
辣炒米粉,40,30,'5.76,Sat Dec 18 2021 13:28:46 GMT+0800 (香港标准时间),1639805326
辣炒米粉,40,30,'4.38,Sat Dec 18 2021 13:29:03 GMT+0800 (香港标准时间),1639805343
穆离殇,14,10,'1.65,Sat Dec 18 2021 13:37:51 GMT+0800 (中国标准时间),1639805871
歪比呆比,14,10,'1.40,Sat Dec 18 2021 13:49:15 GMT+0800 (中国标准时间),1639806555
圣泽悠奈,14,10,'1.33,Sat Dec 18 2021 13:50:57 GMT+0800 (中国标准时间),1639806657
叶月恋,14,10,'1.13,Sat Dec 18 2021 13:51:17 GMT+0800 (中国标准时间),1639806677
叶月恋,11,11,'2.48,Sat Dec 18 2021 14:00:18 GMT+0800 (中国标准时间),1639807218
岚千砂都,14,10,'1.86,Sat Dec 18 2021 14:14:43 GMT+0800 (中国标准时间),1639808083
叶月恋,14,10,'2.54,Sat Dec 18 2021 14:23:08 GMT+0800 (中国标准时间),1639808588
上原步梦,20,14,'0.96,Sat Dec 18 2021 14:27:20 GMT+0800 (中国标准时间),1639808840
涩谷香音,14,10,'2.83,Sat Dec 18 2021 14:57:31 GMT+0800 (中国标准时间),1639810651
平安名堇,14,10,'1.78,Sat Dec 18 2021 14:57:48 GMT+0800 (中国标准时间),1639810668
圣泽悠奈,20,14,'2.45,Sat Dec 18 2021 15:08:08 GMT+0800 (中国标准时间),1639811288
涩谷香音,14,10,'2.34,Sat Dec 18 2021 15:20:07 GMT+0800 (中国标准时间),1639812007
圣泽悠奈,14,10,'2.79,Sat Dec 18 2021 15:21:36 GMT+0800 (中国标准时间),1639812096
岚千砂都,14,10,'1.35,Sat Dec 18 2021 15:25:41 GMT+0800 (中国标准时间),1639812341
有且仅有半个解,14,10,'1.36,Sat Dec 18 2021 15:37:21 GMT+0800 (中国标准时间),1639813041
平安名堇,14,10,'2.07,Sat Dec 18 2021 15:39:34 GMT+0800 (中国标准时间),1639813174
有且仅有半个解,14,10,'0.06,Sat Dec 18 2021 15:40:43 GMT+0800 (中国标准时间),1639813243
唐可可,14,10,'1.43,Sat Dec 18 2021 15:46:57 GMT+0800 (中国标准时间),1639813617
叶月恋,14,10,'1.23,Sat Dec 18 2021 15:47:04 GMT+0800 (中国标准时间),1639813624
岚千砂都,14,10,'1.28,Sat Dec 18 2021 15:47:08 GMT+0800 (中国标准时间),1639813628
涩谷香音,14,10,'1.37,Sat Dec 18 2021 15:47:15 GMT+0800 (中国标准时间),1639813635
澳ρ,14,10,'0.77,Sat Dec 18 2021 15:47:20 GMT+0800 (中国标准时间),1639813640
平安名堇,14,10,'1.13,Sat Dec 18 2021 15:47:35 GMT+0800 (China Standard Time),1639813655
涩谷香音,14,10,'2.94,Sat Dec 18 2021 15:48:34 GMT+0800 (China Standard Time),1639813714
没有吊,14,10,'2.64,Sat Dec 18 2021 16:02:52 GMT+0800 (CST),1639814572
没有吊,14,10,'2.42,Sat Dec 18 2021 16:03:56 GMT+0800 (CST),1639814636
圣泽悠奈,14,10,'2.50,Sat Dec 18 2021 16:15:35 GMT+0800 (中国标准时间),1639815335
几把,14,10,'2.87,Sat Dec 18 2021 16:17:20 GMT+0800 (中国标准时间),1639815440
几把,14,10,'2.77,Sat Dec 18 2021 16:18:44 GMT+0800 (中国标准时间),1639815524
岚千砂都,14,10,'1.71,Sat Dec 18 2021 16:46:03 GMT+0800 (China Standard Time),1639817163
小红,14,10,'2.27,Sat Dec 18 2021 16:48:01 GMT+0800 (CST),1639817281
唐可可,14,10,'2.62,Sat Dec 18 2021 16:49:26 GMT+0800 (中国标准时间),1639817366
唐可可,14,10,'2.10,Sat Dec 18 2021 16:49:33 GMT+0800 (中国标准时间),1639817373
唐可可,14,10,'2.74,Sat Dec 18 2021 16:49:40 GMT+0800 (中国标准时间),1639817380
胖胖大饼,14,10,'2.70,Sat Dec 18 2021 16:52:39 GMT+0800 (CST),1639817559
你滴涵王,14,10,'1.44,Sat Dec 18 2021 17:09:07 GMT+0800 (中国标准时间),1639818547
amita,14,10,'2.09,Sat Dec 18 2021 17:16:39 GMT+0800 (中国标准时间),1639818999
澳ρ,14,10,'1.54,Sat Dec 18 2021 17:23:29 GMT+0800 (中国标准时间),1639819409
阿乃,14,10,'2.81,Sat Dec 18 2021 17:30:55 GMT+0800 (中国标准时间),1639819855
阿乃,14,10,'2.30,Sat Dec 18 2021 17:31:15 GMT+0800 (中国标准时间),1639819875
NIBAB,20,14,'5.98,Sat Dec 18 2021 17:37:27 GMT+0800 (中国标准时间),1639820247
平安名堇,14,10,'1.81,Sat Dec 18 2021 17:43:29 GMT+0800 (中国标准时间),1639820609
平安名堇,14,10,'1.49,Sat Dec 18 2021 17:43:44 GMT+0800 (中国标准时间),1639820624
澳ρ,14,10,'0.96,Sat Dec 18 2021 17:53:25 GMT+0800 (中国标准时间),1639821205
叶月恋,14,10,'2.27,Sat Dec 18 2021 18:02:43 GMT+0800 (中国标准时间),1639821763
平安名堇,14,10,'2.30,Sat Dec 18 2021 18:10:43 GMT+0800 (中国标准时间),1639822243
涟漪,14,10,'2.60,Sat Dec 18 2021 18:12:55 GMT+0800 (中国标准时间),1639822375
因诺森特,20,14,'3.15,Sat Dec 18 2021 18:13:54 GMT+0800 (中国标准时间),1639822434
因诺森特,20,14,'2.05,Sat Dec 18 2021 18:15:04 GMT+0800 (中国标准时间),1639822504
辣炒米粉,60,30,'6.40,Sat Dec 18 2021 18:15:07 GMT+0800 (香港标准时间),1639822507
辣炒米粉,64,32,'3.27,Sat Dec 18 2021 18:15:37 GMT+0800 (香港标准时间),1639822537
辣炒米粉,192,32,'10.72,Sat Dec 18 2021 18:16:05 GMT+0800 (香港标准时间),1639822565
戈一诺,14,10,'2.51,Sat Dec 18 2021 18:20:16 GMT+0800 (中国标准时间),1639822816
戈一诺,14,10,'2.77,Sat Dec 18 2021 18:20:50 GMT+0800 (中国标准时间),1639822850
戈一诺,14,10,'2.56,Sat Dec 18 2021 18:21:14 GMT+0800 (中国标准时间),1639822874
戈一诺,14,10,'2.16,Sat Dec 18 2021 18:21:25 GMT+0800 (中国标准时间),1639822885
戈一诺,14,10,'1.85,Sat Dec 18 2021 18:21:59 GMT+0800 (中国标准时间),1639822919
戈一诺,14,10,'1.09,Sat Dec 18 2021 18:22:12 GMT+0800 (中国标准时间),1639822932
圣泽悠奈,14,10,'2.44,Sat Dec 18 2021 18:22:32 GMT+0800 (中国标准时间),1639822952
戈一诺,14,10,'1.96,Sat Dec 18 2021 18:22:45 GMT+0800 (中国标准时间),1639822965
涩谷香音,14,10,'2.14,Sat Dec 18 2021 18:46:32 GMT+0800 (CST),1639824392
w,14,10,'1.53,Sat Dec 18 2021 18:54:07 GMT+0800 (中国标准时间),1639824847
涩谷香音,14,10,'1.47,Sat Dec 18 2021 19:20:19 GMT+0800 (中国标准时间),1639826419
涩谷香音,14,10,'1.39,Sat Dec 18 2021 19:21:40 GMT+0800 (中国标准时间),1639826500
涩谷香音,14,10,'2.13,Sat Dec 18 2021 19:21:55 GMT+0800 (中国标准时间),1639826515
唐可可,14,10,'1.96,Sat Dec 18 2021 19:22:48 GMT+0800 (中国标准时间),1639826568
唐可可,20,14,'3.87,Sat Dec 18 2021 19:35:57 GMT+0800 (CST),1639827357
平安名堇,14,10,'3.00,Sat Dec 18 2021 19:54:38 GMT+0800 (中国标准时间),1639828478
贤欣,14,10,'2.86,Sat Dec 18 2021 19:57:02 GMT+0800 (中国标准时间),1639828622
贤欣,14,10,'1.12,Sat Dec 18 2021 19:57:49 GMT+0800 (中国标准时间),1639828669
贤欣,20,14,'3.92,Sat Dec 18 2021 19:58:00 GMT+0800 (中国标准时间),1639828680
贤欣,14,10,'1.36,Sat Dec 18 2021 19:58:18 GMT+0800 (中国标准时间),1639828698
倾城,20,14,'4.70,Sat Dec 18 2021 20:11:24 GMT+0800 (中国标准时间),1639829484
倾城,20,14,'4.58,Sat Dec 18 2021 20:13:25 GMT+0800 (中国标准时间),1639829605
澳ρ,14,10,'1.70,Sat Dec 18 2021 20:14:37 GMT+0800 (中国标准时间),1639829677
倾城,20,14,'2.08,Sat Dec 18 2021 20:17:00 GMT+0800 (中国标准时间),1639829820
马梦洁,14,10,'2.02,Sat Dec 18 2021 20:19:20 GMT+0800 (CST),1639829960
圣泽悠奈,14,10,'2.04,Sat Dec 18 2021 20:31:43 GMT+0800 (中国标准时间),1639830703
圣泽悠奈,14,10,'1.56,Sat Dec 18 2021 20:31:54 GMT+0800 (中国标准时间),1639830714
Kumo,14,10,'1.28,Sat Dec 18 2021 20:34:36 GMT+0800 (中国标准时间),1639830876
龙傲天,14,10,'2.61,Sat Dec 18 2021 20:38:31 GMT+0800 (中国标准时间),1639831111
龙傲天,14,10,'2.51,Sat Dec 18 2021 20:39:15 GMT+0800 (中国标准时间),1639831155
龙傲天,14,10,'1.18,Sat Dec 18 2021 20:39:31 GMT+0800 (中国标准时间),1639831171
龙傲天,14,10,'2.81,Sat Dec 18 2021 20:39:39 GMT+0800 (中国标准时间),1639831179
龙傲天,14,10,'1.33,Sat Dec 18 2021 20:40:20 GMT+0800 (中国标准时间),1639831220
龙傲天,14,10,'1.19,Sat Dec 18 2021 20:40:52 GMT+0800 (中国标准时间),1639831252
圣泽悠奈,14,10,'2.44,Sat Dec 18 2021 20:41:14 GMT+0800 (中国标准时间),1639831274
岚千砂都,14,10,'2.06,Sat Dec 18 2021 21:15:03 GMT+0800 (CST),1639833303
岚千砂都,14,10,'2.34,Sat Dec 18 2021 21:16:14 GMT+0800 (CST),1639833374
岚千砂都,20,14,'4.16,Sat Dec 18 2021 21:17:53 GMT+0800 (CST),1639833473
霖,14,10,'1.79,Sat Dec 18 2021 21:26:31 GMT+0800 (中国标准时间),1639833991
霖,14,10,'2.71,Sat Dec 18 2021 21:27:08 GMT+0800 (中国标准时间),1639834028
霖,14,10,'1.12,Sat Dec 18 2021 21:27:42 GMT+0800 (中国标准时间),1639834062
霖,14,10,'1.12,Sat Dec 18 2021 21:27:51 GMT+0800 (中国标准时间),1639834071
唐可可,14,10,'2.73,Sat Dec 18 2021 21:29:26 GMT+0800 (中国标准时间),1639834166
1,14,10,'0.84,Sat Dec 18 2021 21:29:47 GMT+0800 (中国标准时间),1639834187
1,14,10,'0.88,Sat Dec 18 2021 21:29:59 GMT+0800 (中国标准时间),1639834199
1,14,10,'1.10,Sat Dec 18 2021 21:30:04 GMT+0800 (中国标准时间),1639834204
涩谷香音,14,10,'1.19,Sat Dec 18 2021 21:30:25 GMT+0800 (中国标准时间),1639834225
涩谷香音,14,10,'0.62,Sat Dec 18 2021 21:30:30 GMT+0800 (中国标准时间),1639834230
涩谷香音,20,14,'3.96,Sat Dec 18 2021 21:30:38 GMT+0800 (中国标准时间),1639834238
涩谷香音,14,10,'1.01,Sat Dec 18 2021 21:30:52 GMT+0800 (中国标准时间),1639834252
涩谷香音,14,10,'0.84,Sat Dec 18 2021 21:30:59 GMT+0800 (中国标准时间),1639834259
涩谷香音,14,10,'0.53,Sat Dec 18 2021 21:31:08 GMT+0800 (中国标准时间),1639834268
涩谷香音,14,10,'0.50,Sat Dec 18 2021 21:31:11 GMT+0800 (中国标准时间),1639834271
涩谷香音,14,10,'0.74,Sat Dec 18 2021 21:31:22 GMT+0800 (中国标准时间),1639834282
涩谷香音,14,10,'0.49,Sat Dec 18 2021 21:31:31 GMT+0800 (中国标准时间),1639834291
涩谷香音,14,10,'0.87,Sat Dec 18 2021 21:31:45 GMT+0800 (中国标准时间),1639834305
牛逼,14,10,'2.99,Sat Dec 18 2021 21:44:39 GMT+0800 (中国标准时间),1639835079
岚千砂都,14,10,'2.38,Sat Dec 18 2021 21:59:43 GMT+0800 (中国标准时间),1639835983
冷冽谷,14,14,'1.73,Sat Dec 18 2021 22:00:43 GMT+0800 (中国标准时间),1639836043
唐可可,14,10,'1.19,Sat Dec 18 2021 22:03:16 GMT+0800 (中国标准时间),1639836196
唐可可,14,10,'1.19,Sat Dec 18 2021 22:03:16 GMT+0800 (中国标准时间),1639836196
岛田丶卢西奥,14,10,'2.46,Sat Dec 18 2021 22:03:17 GMT+0800 (香港标准时间),1639836197
平安名堇,14,10,'2.42,Sat Dec 18 2021 22:04:47 GMT+0800 (中国标准时间),1639836287
平安名堇,14,10,'1.45,Sat Dec 18 2021 22:06:14 GMT+0800 (中国标准时间),1639836374
澳ρ,14,10,'1.26,Sat Dec 18 2021 22:06:59 GMT+0800 (中国标准时间),1639836419
澳ρ,14,10,'1.02,Sat Dec 18 2021 22:07:10 GMT+0800 (中国标准时间),1639836430
澳ρ,14,10,'1.56,Sat Dec 18 2021 22:07:21 GMT+0800 (中国标准时间),1639836441
澳ρ,14,10,'1.46,Sat Dec 18 2021 22:07:27 GMT+0800 (中国标准时间),1639836447
澳ρ,14,10,'1.55,Sat Dec 18 2021 22:07:31 GMT+0800 (中国标准时间),1639836451
平安名堇,14,10,'1.39,Sat Dec 18 2021 22:12:28 GMT+0800 (香港标准时间),1639836748
澳ρ,14,10,'2.44,Sat Dec 18 2021 22:32:22 GMT+0800 (中国标准时间),1639837942
唐可可,14,10,'2.16,Sat Dec 18 2021 22:35:14 GMT+0800 (China Standard Time),1639838114
澳ρ,14,10,'1.64,Sat Dec 18 2021 22:36:16 GMT+0800 (中国标准时间),1639838176
澳ρ,14,10,'1.65,Sat Dec 18 2021 22:37:18 GMT+0800 (中国标准时间),1639838238
澳ρ,14,10,'1.20,Sat Dec 18 2021 22:37:42 GMT+0800 (中国标准时间),1639838262
澳ρ,14,10,'1.24,Sat Dec 18 2021 22:38:25 GMT+0800 (中国标准时间),1639838305
澳ρ,14,10,'0.88,Sat Dec 18 2021 22:38:30 GMT+0800 (中国标准时间),1639838310
澳ρ,14,10,'2.00,Sat Dec 18 2021 22:39:25 GMT+0800 (中国标准时间),1639838365
乃乃,14,10,'1.51,Sat Dec 18 2021 23:04:57 GMT+0800 (中国标准时间),1639839897
乃乃,20,14,'3.79,Sat Dec 18 2021 23:06:54 GMT+0800 (中国标准时间),1639840014
平安名堇,20,14,'1.14,Sat Dec 18 2021 23:12:29 GMT+0800 (中国标准时间),1639840349
平安名堇,20,14,'0.67,Sat Dec 18 2021 23:12:41 GMT+0800 (中国标准时间),1639840361
平安名堇,14,10,'2.32,Sat Dec 18 2021 23:22:20 GMT+0800 (中国标准时间),1639840940
宵夜,14,10,'2.34,Sat Dec 18 2021 23:27:02 GMT+0800 (CST),1639841222
liyuu,20,14,'2.82,Sat Dec 18 2021 23:28:40 GMT+0800 (中国标准时间),1639841320
liyuu,20,14,'4.05,Sat Dec 18 2021 23:28:55 GMT+0800 (中国标准时间),1639841335
liyuu,20,14,'5.72,Sat Dec 18 2021 23:29:08 GMT+0800 (中国标准时间),1639841348
liyuu,20,14,'2.62,Sat Dec 18 2021 23:29:15 GMT+0800 (中国标准时间),1639841355
叶月恋,14,10,'2.02,Sat Dec 18 2021 23:30:45 GMT+0800 (中国标准时间),1639841445
liyuu,20,14,'3.89,Sat Dec 18 2021 23:32:17 GMT+0800 (中国标准时间),1639841537
liyuu,20,14,'3.03,Sat Dec 18 2021 23:32:38 GMT+0800 (中国标准时间),1639841558
liyuu,20,14,'4.06,Sat Dec 18 2021 23:33:50 GMT+0800 (中国标准时间),1639841630
月球很远呐,14,10,'2.68,Sat Dec 18 2021 23:47:04 GMT+0800 (CST),1639842424
谁还不是个5.0了,14,10,'1.68,Sat Dec 18 2021 23:49:43 GMT+0800 (CST),1639842583
木木,14,10,'2.73,Sun Dec 19 2021 00:03:51 GMT+0800 (中国标准时间),1639843431
格坦,14,10,'2.65,Sun Dec 19 2021 00:28:26 GMT+0800 (中国标准时间),1639844906
圣泽悠奈,20,20,'4.68,Sun Dec 19 2021 00:43:58 GMT+0800 (中国标准时间),1639845838
hh,20,20,'7.14,Sun Dec 19 2021 00:46:48 GMT+0800 (中国标准时间),1639846008
hsz75,14,10,'2.12,Sun Dec 19 2021 00:48:20 GMT+0800 (中国标准时间),1639846100
圣泽悠奈,20,14,'3.18,Sun Dec 19 2021 01:01:13 GMT+0800 (中国标准时间),1639846873
唐可可,14,10,'1.82,Sun Dec 19 2021 01:39:18 GMT+0800 (中国标准时间),1639849158
平安名堇,14,10,'2.79,Sun Dec 19 2021 04:10:13 GMT+0800 (中国标准时间),1639858213
澳ρ,14,10,'1.96,Sun Dec 19 2021 04:16:07 GMT+0800 (中国标准时间),1639858567
澳ρ,14,10,'2.11,Sun Dec 19 2021 04:16:21 GMT+0800 (中国标准时间),1639858581
chutiande,14,10,'2.77,Sun Dec 19 2021 04:34:27 GMT+0800 (中国标准时间),1639859667
chutiande,14,10,'1.34,Sun Dec 19 2021 04:36:47 GMT+0800 (中国标准时间),1639859807
chutiande,20,20,'0.44,Sun Dec 19 2021 04:38:42 GMT+0800 (中国标准时间),1639859922
涩谷香音,14,10,'2.51,Sun Dec 19 2021 04:44:00 GMT+0800 (中国标准时间),1639860240
圣泽悠奈,14,10,'1.94,Sun Dec 19 2021 05:27:22 GMT+0800 (中国标准时间),1639862842
岚千砂都,14,10,'2.38,Sun Dec 19 2021 05:27:42 GMT+0800 (中国标准时间),1639862862
叶月恋,14,10,'2.64,Sun Dec 19 2021 05:29:52 GMT+0800 (中国标准时间),1639862992
叶月恋,14,10,'2.93,Sun Dec 19 2021 05:30:20 GMT+0800 (中国标准时间),1639863020
叶月恋,20,14,'4.67,Sun Dec 19 2021 05:32:40 GMT+0800 (中国标准时间),1639863160
秋风,20,14,'4.41,Sun Dec 19 2021 05:34:30 GMT+0800 (中国标准时间),1639863270
秋风,20,14,'2.73,Sun Dec 19 2021 05:35:09 GMT+0800 (中国标准时间),1639863309
秋风,50,50,'7.14,Sun Dec 19 2021 05:42:37 GMT+0800 (中国标准时间),1639863757
叶月恋,14,10,'2.26,Sun Dec 19 2021 05:45:42 GMT+0800 (中国标准时间),1639863942
啊宋牛逼,14,14,'2.80,Sun Dec 19 2021 08:50:22 GMT+0800 (中国标准时间),1639875022
啊宋太牛逼了,14,14,'1.19,Sun Dec 19 2021 08:51:03 GMT+0800 (中国标准时间),1639875063
梓川枫,14,10,'2.45,Sun Dec 19 2021 08:54:02 GMT+0800 (中国标准时间),1639875242
kokolo,14,10,'1.21,Sun Dec 19 2021 09:08:37 GMT+0800 (中国标准时间),1639876117
唐可可,20,14,'2.02,Sun Dec 19 2021 09:18:03 GMT+0800 (中国标准时间),1639876683
岚千砂都,14,10,'2.62,Sun Dec 19 2021 09:19:44 GMT+0800 (中国标准时间),1639876784
圣泽悠奈,14,10,'2.28,Sun Dec 19 2021 09:20:14 GMT+0800 (China Standard Time),1639876814
葵,14,10,'2.10,Sun Dec 19 2021 09:26:45 GMT+0800 (CST),1639877205
大美女,14,10,'2.15,Sun Dec 19 2021 09:32:18 GMT+0800 (中国标准时间),1639877538
大美女,14,10,'1.89,Sun Dec 19 2021 09:38:05 GMT+0800 (中国标准时间),1639877885
森林长椅,14,10,'1.85,Sun Dec 19 2021 09:45:39 GMT+0800 (CST),1639878339
涩谷香音,14,10,'1.41,Sun Dec 19 2021 09:52:08 GMT+0800 (CST),1639878728
平安名堇,14,10,'2.39,Sun Dec 19 2021 09:53:43 GMT+0800 (CST),1639878823
圣泽悠奈,14,10,'1.41,Sun Dec 19 2021 10:04:18 GMT+0800 (中国标准时间),1639879458
圣泽悠奈,14,10,'1.04,Sun Dec 19 2021 10:04:46 GMT+0800 (中国标准时间),1639879486
圣泽悠奈,14,10,'1.01,Sun Dec 19 2021 10:04:54 GMT+0800 (中国标准时间),1639879494
圣泽悠奈,14,10,'1.06,Sun Dec 19 2021 10:05:08 GMT+0800 (中国标准时间),1639879508
圣泽悠奈,14,10,'1.72,Sun Dec 19 2021 10:05:13 GMT+0800 (中国标准时间),1639879513
圣泽悠奈,14,10,'0.76,Sun Dec 19 2021 10:05:17 GMT+0800 (中国标准时间),1639879517
圣泽悠奈,14,10,'0.80,Sun Dec 19 2021 10:05:22 GMT+0800 (中国标准时间),1639879522
叶月恋,14,10,'1.58,Sun Dec 19 2021 10:16:23 GMT+0800 (中国标准时间),1639880183
叶月恋,14,10,'2.20,Sun Dec 19 2021 10:22:07 GMT+0800 (中国标准时间),1639880527
岚千砂都,14,10,'1.16,Sun Dec 19 2021 10:26:40 GMT+0800 (中国标准时间),1639880800
岚千砂都,14,10,'1.41,Sun Dec 19 2021 10:27:08 GMT+0800 (中国标准时间),1639880828
阿樱,14,10,'0.98,Sun Dec 19 2021 10:32:31 GMT+0800 (中国标准时间),1639881151
我是超级宇宙无敌大sbsb,20,14,'3.85,Sun Dec 19 2021 10:34:04 GMT+0800 (中国标准时间),1639881244
平安名堇佳,14,10,'2.76,Sun Dec 19 2021 10:36:14 GMT+0800 (中国标准时间),1639881374
圣泽悠奈,14,10,'1.75,Sun Dec 19 2021 10:40:58 GMT+0800 (中国标准时间),1639881658
唐可可,14,10,'2.82,Sun Dec 19 2021 10:43:23 GMT+0800 (中国标准时间),1639881803
6凑,14,10,'1.28,Sun Dec 19 2021 10:49:47 GMT+0800 (China Standard Time),1639882187
6凑,14,10,'1.69,Sun Dec 19 2021 10:51:00 GMT+0800 (China Standard Time),1639882260
6凑,14,10,'1.89,Sun Dec 19 2021 10:51:29 GMT+0800 (China Standard Time),1639882289
Lance,20,14,'2.84,Sun Dec 19 2021 11:00:58 GMT+0800 (中国标准时间),1639882858
LanceHsiung,20,14,'0.95,Sun Dec 19 2021 11:01:19 GMT+0800 (中国标准时间),1639882879
平安名堇,14,10,'1.05,Sun Dec 19 2021 11:02:57 GMT+0800 (中国标准时间),1639882977
三三我老婆,14,10,'1.06,Sun Dec 19 2021 11:05:56 GMT+0800 (中国标准时间),1639883156
平安名堇,14,10,'2.75,Sun Dec 19 2021 11:06:29 GMT+0800 (China Standard Time),1639883189
三三老婆!,20,14,'3.79,Sun Dec 19 2021 11:10:07 GMT+0800 (中国标准时间),1639883407
唐可可,14,10,'2.04,Sun Dec 19 2021 11:10:34 GMT+0800 (中国标准时间),1639883434
苏h玖,14,10,'2.24,Sun Dec 19 2021 11:30:24 GMT+0800 (中国标准时间),1639884624
岚千砂都,14,10,'1.61,Sun Dec 19 2021 11:35:04 GMT+0800 (中国标准时间),1639884904
涩喵,14,10,'2.08,Sun Dec 19 2021 11:44:43 GMT+0800 (中国标准时间),1639885483
涩喵,14,10,'0.92,Sun Dec 19 2021 11:45:09 GMT+0800 (中国标准时间),1639885509
涩喵,14,10,'1.00,Sun Dec 19 2021 11:45:18 GMT+0800 (中国标准时间),1639885518
涩谷香音,14,10,'2.27,Sun Dec 19 2021 11:45:44 GMT+0800 (中国标准时间),1639885544
涩喵,14,10,'1.64,Sun Dec 19 2021 11:45:52 GMT+0800 (中国标准时间),1639885552
涩喵,14,10,'1.07,Sun Dec 19 2021 11:46:02 GMT+0800 (中国标准时间),1639885562
涩喵,14,10,'1.37,Sun Dec 19 2021 11:46:07 GMT+0800 (中国标准时间),1639885567
涩喵,14,10,'1.14,Sun Dec 19 2021 11:46:12 GMT+0800 (中国标准时间),1639885572
涩喵,14,10,'1.51,Sun Dec 19 2021 11:46:16 GMT+0800 (中国标准时间),1639885576
涩喵,14,10,'0.91,Sun Dec 19 2021 11:46:19 GMT+0800 (中国标准时间),1639885579
涩喵,14,10,'1.20,Sun Dec 19 2021 11:46:25 GMT+0800 (中国标准时间),1639885585
涩喵,14,10,'1.19,Sun Dec 19 2021 11:46:32 GMT+0800 (中国标准时间),1639885592
涩喵,14,10,'0.82,Sun Dec 19 2021 11:46:36 GMT+0800 (中国标准时间),1639885596
涩喵,14,10,'0.84,Sun Dec 19 2021 11:46:40 GMT+0800 (中国标准时间),1639885600
涩喵,14,10,'1.99,Sun Dec 19 2021 11:46:46 GMT+0800 (中国标准时间),1639885606
涩喵,14,10,'1.01,Sun Dec 19 2021 11:46:50 GMT+0800 (中国标准时间),1639885610
涩喵,14,10,'1.14,Sun Dec 19 2021 11:46:58 GMT+0800 (中国标准时间),1639885618
涩喵,14,10,'0.63,Sun Dec 19 2021 11:47:02 GMT+0800 (中国标准时间),1639885622
涩喵,20,14,'1.77,Sun Dec 19 2021 11:47:22 GMT+0800 (中国标准时间),1639885642
涩喵,14,14,'1.92,Sun Dec 19 2021 11:47:33 GMT+0800 (中国标准时间),1639885653
涩喵,14,14,'1.59,Sun Dec 19 2021 11:47:43 GMT+0800 (中国标准时间),1639885663
涩喵,14,14,'0.99,Sun Dec 19 2021 11:47:55 GMT+0800 (中国标准时间),1639885675
平安名堇,14,10,'2.20,Sun Dec 19 2021 11:56:52 GMT+0800 (中国标准时间),1639886212
秋明,14,10,'1.28,Sun Dec 19 2021 11:59:30 GMT+0800 (中国标准时间),1639886370
秋明,14,10,'0.72,Sun Dec 19 2021 11:59:41 GMT+0800 (中国标准时间),1639886381
秋明,14,10,'0.59,Sun Dec 19 2021 11:59:46 GMT+0800 (中国标准时间),1639886386
叶月恋,14,10,'1.76,Sun Dec 19 2021 12:00:17 GMT+0800 (中国标准时间),1639886417
叶月恋,14,10,'1.19,Sun Dec 19 2021 12:00:26 GMT+0800 (中国标准时间),1639886426
Liyuu_,14,10,'2.00,Sun Dec 19 2021 12:04:04 GMT+0800 (中国标准时间),1639886644
岚千砂都,14,10,'1.66,Sun Dec 19 2021 12:04:30 GMT+0800 (China Standard Time),1639886670
ika,14,10,'2.39,Sun Dec 19 2021 12:04:42 GMT+0800 (CST),1639886682
Liyuu_,20,14,'4.75,Sun Dec 19 2021 12:05:21 GMT+0800 (中国标准时间),1639886721
ika,14,10,'2.16,Sun Dec 19 2021 12:05:38 GMT+0800 (CST),1639886738
唐可可,14,10,'0.96,Sun Dec 19 2021 12:09:04 GMT+0800 (中国标准时间),1639886944
哈哈哈哈哈哈哈,14,10,'1.92,Sun Dec 19 2021 12:09:17 GMT+0800 (中国标准时间),1639886957
哈哈哈哈哈哈哈,14,10,'1.29,Sun Dec 19 2021 12:09:40 GMT+0800 (中国标准时间),1639886980
哈哈哈哈哈哈哈,14,10,'2.15,Sun Dec 19 2021 12:10:12 GMT+0800 (中国标准时间),1639887012
哈哈哈哈哈哈哈,14,10,'1.76,Sun Dec 19 2021 12:10:26 GMT+0800 (中国标准时间),1639887026
哈哈哈哈哈哈哈哈,14,10,'1.31,Sun Dec 19 2021 12:11:27 GMT+0800 (中国标准时间),1639887087
ooorion,14,10,'2.73,Sun Dec 19 2021 12:12:52 GMT+0800 (中国标准时间),1639887172
澳ρ,14,10,'1.39,Sun Dec 19 2021 12:12:59 GMT+0800 (中国标准时间),1639887179
可哒鸭鸭,14,10,'0.96,Sun Dec 19 2021 12:13:58 GMT+0800 (中国标准时间),1639887238
可哒鸭鸭,14,10,'1.83,Sun Dec 19 2021 12:14:17 GMT+0800 (中国标准时间),1639887257
可哒鸭鸭,14,10,'2.35,Sun Dec 19 2021 12:14:24 GMT+0800 (中国标准时间),1639887264
可哒鸭鸭,14,10,'1.83,Sun Dec 19 2021 12:14:32 GMT+0800 (中国标准时间),1639887272
可哒鸭鸭,14,10,'1.11,Sun Dec 19 2021 12:14:37 GMT+0800 (中国标准时间),1639887277
可哒鸭鸭,14,10,'1.28,Sun Dec 19 2021 12:14:41 GMT+0800 (中国标准时间),1639887281
戳戳啊戳戳,14,10,'2.64,Sun Dec 19 2021 12:14:49 GMT+0800 (中国标准时间),1639887289
可哒鸭鸭,14,10,'1.03,Sun Dec 19 2021 12:14:50 GMT+0800 (中国标准时间),1639887290
可哒鸭鸭,14,10,'1.80,Sun Dec 19 2021 12:14:56 GMT+0800 (中国标准时间),1639887296
可哒鸭鸭,14,10,'1.01,Sun Dec 19 2021 12:14:59 GMT+0800 (中国标准时间),1639887299
可哒鸭鸭,14,10,'2.04,Sun Dec 19 2021 12:15:05 GMT+0800 (中国标准时间),1639887305
可哒鸭鸭,14,10,'2.89,Sun Dec 19 2021 12:15:10 GMT+0800 (中国标准时间),1639887310
可哒鸭鸭,14,10,'0.72,Sun Dec 19 2021 12:15:19 GMT+0800 (中国标准时间),1639887319
可哒鸭鸭,14,10,'1.61,Sun Dec 19 2021 12:15:30 GMT+0800 (中国标准时间),1639887330
可哒鸭鸭,14,10,'0.81,Sun Dec 19 2021 12:15:33 GMT+0800 (中国标准时间),1639887333
戳戳啊戳戳,14,10,'1.84,Sun Dec 19 2021 12:15:36 GMT+0800 (中国标准时间),1639887336
阿庆爷叔,14,10,'2.56,Sun Dec 19 2021 12:33:58 GMT+0800 (中国标准时间),1639888438
圣泽悠奈,14,10,'2.01,Sun Dec 19 2021 12:35:08 GMT+0800 (中国标准时间),1639888508
圣泽悠奈,14,10,'1.52,Sun Dec 19 2021 12:35:21 GMT+0800 (中国标准时间),1639888521
涩谷香音,14,10,'2.95,Sun Dec 19 2021 12:49:33 GMT+0800 (中国标准时间),1639889373
涩谷香音,14,10,'1.37,Sun Dec 19 2021 12:49:43 GMT+0800 (中国标准时间),1639889383
唐可可,14,14,'3.63,Sun Dec 19 2021 13:03:04 GMT+0800 (中国标准时间),1639890184
桑小谟,14,10,'1.26,Sun Dec 19 2021 13:10:13 GMT+0800 (中国标准时间),1639890613
桑小谟,14,10,'0.81,Sun Dec 19 2021 13:10:42 GMT+0800 (中国标准时间),1639890642
桑小谟,14,10,'0.97,Sun Dec 19 2021 13:11:09 GMT+0800 (中国标准时间),1639890669
桑小谟,14,10,'2.54,Sun Dec 19 2021 13:11:18 GMT+0800 (中国标准时间),1639890678
桑小谟,14,10,'0.94,Sun Dec 19 2021 13:11:22 GMT+0800 (中国标准时间),1639890682
桑小谟,14,10,'1.02,Sun Dec 19 2021 13:11:27 GMT+0800 (中国标准时间),1639890687
桑小谟,14,10,'1.06,Sun Dec 19 2021 13:11:31 GMT+0800 (中国标准时间),1639890691
桑小谟,14,10,'1.34,Sun Dec 19 2021 13:11:35 GMT+0800 (中国标准时间),1639890695
桑小谟,14,10,'2.73,Sun Dec 19 2021 13:11:41 GMT+0800 (中国标准时间),1639890701
桑小谟,14,10,'2.95,Sun Dec 19 2021 13:11:47 GMT+0800 (中国标准时间),1639890707
桑小谟,14,10,'1.82,Sun Dec 19 2021 13:12:07 GMT+0800 (中国标准时间),1639890727
桑小谟,14,10,'1.37,Sun Dec 19 2021 13:12:12 GMT+0800 (中国标准时间),1639890732
桑小谟,14,10,'2.21,Sun Dec 19 2021 13:12:19 GMT+0800 (中国标准时间),1639890739
唐可可,14,10,'2.08,Sun Dec 19 2021 13:14:07 GMT+0800 (中国标准时间),1639890847
肖天昱,14,10,'1.65,Sun Dec 19 2021 13:14:12 GMT+0800 (中国标准时间),1639890852
肖天昱,14,10,'2.05,Sun Dec 19 2021 13:14:29 GMT+0800 (中国标准时间),1639890869
肖天昱,14,10,'0.77,Sun Dec 19 2021 13:14:32 GMT+0800 (中国标准时间),1639890872
肖天昱,14,10,'1.21,Sun Dec 19 2021 13:15:24 GMT+0800 (中国标准时间),1639890924
肖天昱,14,10,'2.98,Sun Dec 19 2021 13:15:40 GMT+0800 (中国标准时间),1639890940
肖天昱,14,10,'2.04,Sun Dec 19 2021 13:15:51 GMT+0800 (中国标准时间),1639890951
肖天昱,14,10,'1.60,Sun Dec 19 2021 13:15:55 GMT+0800 (中国标准时间),1639890955
肖天昱,14,10,'1.52,Sun Dec 19 2021 13:16:09 GMT+0800 (中国标准时间),1639890969
肖天昱,14,10,'1.47,Sun Dec 19 2021 13:16:14 GMT+0800 (中国标准时间),1639890974
肖天昱,14,10,'2.07,Sun Dec 19 2021 13:16:19 GMT+0800 (中国标准时间),1639890979
肖天昱,14,10,'1.94,Sun Dec 19 2021 13:16:28 GMT+0800 (中国标准时间),1639890988
叶月恋,14,10,'2.93,Sun Dec 19 2021 13:48:11 GMT+0800 (中国标准时间),1639892891
涩谷香音,14,10,'1.66,Sun Dec 19 2021 13:48:46 GMT+0800 (中国标准时间),1639892926
叶月恋,14,10,'1.11,Sun Dec 19 2021 13:48:58 GMT+0800 (中国标准时间),1639892938
涩谷香音,14,10,'2.41,Sun Dec 19 2021 13:49:20 GMT+0800 (中国标准时间),1639892960
涩谷香音,14,10,'1.76,Sun Dec 19 2021 13:49:39 GMT+0800 (中国标准时间),1639892979
涩谷香音,14,10,'1.67,Sun Dec 19 2021 13:49:44 GMT+0800 (中国标准时间),1639892984
涩谷香音,14,10,'1.75,Sun Dec 19 2021 13:49:50 GMT+0800 (中国标准时间),1639892990
涩谷香音,14,10,'1.06,Sun Dec 19 2021 13:49:55 GMT+0800 (中国标准时间),1639892995
涩谷香音,14,10,'1.43,Sun Dec 19 2021 13:50:08 GMT+0800 (中国标准时间),1639893008
涩谷香音,14,10,'1.28,Sun Dec 19 2021 13:50:16 GMT+0800 (中国标准时间),1639893016
moon,14,10,'2.11,Sun Dec 19 2021 13:50:58 GMT+0800 (中国标准时间),1639893058
涩谷香音,14,14,'1.90,Sun Dec 19 2021 13:51:02 GMT+0800 (中国标准时间),1639893062
涩谷香音,14,14,'2.57,Sun Dec 19 2021 13:51:08 GMT+0800 (中国标准时间),1639893068
涩谷香音,14,14,'1.92,Sun Dec 19 2021 13:51:25 GMT+0800 (中国标准时间),1639893085
涩谷香音,20,14,'3.38,Sun Dec 19 2021 13:52:41 GMT+0800 (中国标准时间),1639893161
唐可可,14,10,'1.93,Sun Dec 19 2021 13:52:53 GMT+0800 (中国标准时间),1639893173
唐可可,20,14,'1.17,Sun Dec 19 2021 13:52:58 GMT+0800 (中国标准时间),1639893178
唐可可,20,14,'0.93,Sun Dec 19 2021 13:53:02 GMT+0800 (中国标准时间),1639893182
唐可可,20,14,'0.96,Sun Dec 19 2021 13:53:06 GMT+0800 (中国标准时间),1639893186
唐可可,20,14,'0.72,Sun Dec 19 2021 13:53:10 GMT+0800 (中国标准时间),1639893190
唐可可,14,10,'1.19,Sun Dec 19 2021 13:53:13 GMT+0800 (中国标准时间),1639893193
唐可可,14,10,'0.73,Sun Dec 19 2021 13:53:16 GMT+0800 (中国标准时间),1639893196
唐可可,14,14,'1.16,Sun Dec 19 2021 13:53:20 GMT+0800 (中国标准时间),1639893200
唐可可,14,14,'1.25,Sun Dec 19 2021 13:53:23 GMT+0800 (中国标准时间),1639893203
唐可可,14,14,'1.11,Sun Dec 19 2021 13:53:27 GMT+0800 (中国标准时间),1639893207
唐可可,14,14,'0.75,Sun Dec 19 2021 13:53:30 GMT+0800 (中国标准时间),1639893210
唐可可,14,14,'2.12,Sun Dec 19 2021 13:53:35 GMT+0800 (中国标准时间),1639893215
Kris目,14,10,'1.78,Sun Dec 19 2021 13:58:37 GMT+0800 (China Standard Time),1639893517
白奕,14,10,'1.94,Sun Dec 19 2021 13:58:40 GMT+0800 (CST),1639893520
叶月恋,14,10,'1.44,Sun Dec 19 2021 13:59:33 GMT+0800 (CST),1639893573
姬宫真步,14,10,'1.58,Sun Dec 19 2021 14:00:27 GMT+0800 (CST),1639893627
涩谷香音,14,10,'1.83,Sun Dec 19 2021 14:01:09 GMT+0800 (中国标准时间),1639893669
姬宫真步,14,10,'2.67,Sun Dec 19 2021 14:02:26 GMT+0800 (CST),1639893746
姬宫真步,14,10,'1.99,Sun Dec 19 2021 14:03:49 GMT+0800 (CST),1639893829
酸菜,14,10,'2.41,Sun Dec 19 2021 14:04:17 GMT+0800 (中国标准时间),1639893857
姬宫真步,14,10,'1.68,Sun Dec 19 2021 14:09:24 GMT+0800 (CST),1639894164
姬宫真步,14,10,'1.14,Sun Dec 19 2021 14:09:37 GMT+0800 (CST),1639894177
姬宫真步,14,10,'1.31,Sun Dec 19 2021 14:09:49 GMT+0800 (CST),1639894189
姬宫真步,14,10,'0.96,Sun Dec 19 2021 14:09:55 GMT+0800 (CST),1639894195
岚千砂都,14,10,'2.17,Sun Dec 19 2021 14:10:46 GMT+0800 (中国标准时间),1639894246
岚千砂都,14,10,'2.46,Sun Dec 19 2021 14:10:57 GMT+0800 (中国标准时间),1639894257
姬宫真步,14,10,'2.09,Sun Dec 19 2021 14:10:59 GMT+0800 (CST),1639894259
姬宫真步,14,10,'1.39,Sun Dec 19 2021 14:11:07 GMT+0800 (CST),1639894267
姬宫真步,14,10,'1.11,Sun Dec 19 2021 14:11:12 GMT+0800 (CST),1639894272
姬宫真步,14,10,'0.96,Sun Dec 19 2021 14:11:18 GMT+0800 (CST),1639894278
姬宫真步,14,10,'1.81,Sun Dec 19 2021 14:11:25 GMT+0800 (CST),1639894285
姬宫真步,14,10,'1.77,Sun Dec 19 2021 14:12:23 GMT+0800 (CST),1639894343
姬宫真步,14,10,'2.25,Sun Dec 19 2021 14:12:59 GMT+0800 (CST),1639894379
姬宫真步,14,10,'1.49,Sun Dec 19 2021 14:13:18 GMT+0800 (CST),1639894398
姬宫真步,14,10,'1.45,Sun Dec 19 2021 14:13:23 GMT+0800 (CST),1639894403
姬宫真步,14,10,'2.33,Sun Dec 19 2021 14:13:30 GMT+0800 (CST),1639894410
姬宫真步,14,10,'2.15,Sun Dec 19 2021 14:13:46 GMT+0800 (CST),1639894426
姬宫真步,14,10,'1.73,Sun Dec 19 2021 14:15:16 GMT+0800 (CST),1639894516
澳ρ,14,10,'1.72,Sun Dec 19 2021 14:15:56 GMT+0800 (CST),1639894556
澳ρ,14,10,'2.38,Sun Dec 19 2021 14:16:20 GMT+0800 (CST),1639894580
澳ρ,14,10,'2.37,Sun Dec 19 2021 14:16:48 GMT+0800 (CST),1639894608
澳ρ,14,10,'2.65,Sun Dec 19 2021 14:17:54 GMT+0800 (CST),1639894674
叶月恋,14,10,'1.32,Sun Dec 19 2021 14:19:47 GMT+0800 (CST),1639894787
阿强,14,10,'1.83,Sun Dec 19 2021 14:20:10 GMT+0800 (CST),1639894810
阿强,14,10,'1.52,Sun Dec 19 2021 14:20:29 GMT+0800 (CST),1639894829
阿强,14,10,'2.57,Sun Dec 19 2021 14:20:39 GMT+0800 (CST),1639894839
阿强,14,10,'1.24,Sun Dec 19 2021 14:20:45 GMT+0800 (CST),1639894845
阿强,14,10,'1.47,Sun Dec 19 2021 14:20:51 GMT+0800 (CST),1639894851
阿强,14,10,'1.34,Sun Dec 19 2021 14:20:56 GMT+0800 (CST),1639894856
澳ρ,14,10,'1.38,Sun Dec 19 2021 14:21:14 GMT+0800 (CST),1639894874
澳ρ,14,10,'2.84,Sun Dec 19 2021 14:21:25 GMT+0800 (CST),1639894885
姬宫真步,14,10,'1.68,Sun Dec 19 2021 14:21:39 GMT+0800 (CST),1639894899
圆滚滚大危机,14,10,'1.90,Sun Dec 19 2021 14:27:25 GMT+0800 (CST),1639895245
圆滚滚大危机,14,10,'1.65,Sun Dec 19 2021 14:28:25 GMT+0800 (CST),1639895305
圆滚滚的大危机,14,10,'1.08,Sun Dec 19 2021 14:32:22 GMT+0800 (CST),1639895542
圆滚滚的大危机,20,14,'4.73,Sun Dec 19 2021 14:35:54 GMT+0800 (CST),1639895754
圆滚滚的大危机,20,14,'0.90,Sun Dec 19 2021 14:37:22 GMT+0800 (CST),1639895842
唐可可,14,10,'2.36,Sun Dec 19 2021 14:47:08 GMT+0800 (中国标准时间),1639896428
澳ρ,14,10,'2.15,Sun Dec 19 2021 15:04:20 GMT+0800 (中国标准时间),1639897460
唐可可,14,10,'2.72,Sun Dec 19 2021 15:16:36 GMT+0800 (中国标准时间),1639898196
叶月恋,14,10,'2.08,Sun Dec 19 2021 15:16:49 GMT+0800 (中国标准时间),1639898209
叶月恋,14,10,'1.89,Sun Dec 19 2021 15:17:08 GMT+0800 (中国标准时间),1639898228
叶月恋,14,10,'1.14,Sun Dec 19 2021 15:18:04 GMT+0800 (中国标准时间),1639898284
叶月恋,14,10,'1.06,Sun Dec 19 2021 15:18:13 GMT+0800 (中国标准时间),1639898293
叶月恋,14,10,'0.92,Sun Dec 19 2021 15:18:20 GMT+0800 (中国标准时间),1639898300
望天,14,10,'1.93,Sun Dec 19 2021 15:20:19 GMT+0800 (China Standard Time),1639898419
望天,14,10,'1.31,Sun Dec 19 2021 15:21:32 GMT+0800 (China Standard Time),1639898492
tsing_summer,14,10,'1.12,Sun Dec 19 2021 15:37:01 GMT+0800 (CST),1639899421
tsing_summer,14,10,'0.94,Sun Dec 19 2021 15:38:31 GMT+0800 (CST),1639899511
岚千砂都,20,14,'2.11,Sun Dec 19 2021 15:39:28 GMT+0800 (CST),1639899568
tsing_summer,14,10,'1.24,Sun Dec 19 2021 15:40:14 GMT+0800 (CST),1639899614
tsing_summer,14,10,'0.89,Sun Dec 19 2021 15:40:54 GMT+0800 (CST),1639899654
tsing_summer,14,10,'0.78,Sun Dec 19 2021 15:41:00 GMT+0800 (CST),1639899660
tsing_summer,14,10,'0.89,Sun Dec 19 2021 15:41:09 GMT+0800 (CST),1639899669
tsing_summer,14,10,'2.85,Sun Dec 19 2021 15:41:58 GMT+0800 (CST),1639899718
tsing_summer,14,10,'2.23,Sun Dec 19 2021 15:42:05 GMT+0800 (CST),1639899725
tsing_summer,14,10,'1.88,Sun Dec 19 2021 15:42:11 GMT+0800 (CST),1639899731
叶月恋,14,10,'1.80,Sun Dec 19 2021 15:48:50 GMT+0800 (中国标准时间),1639900130
叶月恋,14,10,'1.53,Sun Dec 19 2021 15:49:03 GMT+0800 (中国标准时间),1639900143
岚千砂都,14,10,'2.28,Sun Dec 19 2021 15:52:33 GMT+0800 (中国标准时间),1639900353
大东,14,10,'2.64,Sun Dec 19 2021 16:02:28 GMT+0800 (中国标准时间),1639900948
梓霖,14,10,'1.62,Sun Dec 19 2021 16:17:18 GMT+0800 (CST),1639901838
澳ρ,14,10,'1.97,Sun Dec 19 2021 16:22:45 GMT+0800 (中国标准时间),1639902165
平安名堇,14,10,'1.90,Sun Dec 19 2021 16:45:42 GMT+0800 (China Standard Time),1639903542
平安名堇,14,10,'0.81,Sun Dec 19 2021 16:45:54 GMT+0800 (China Standard Time),1639903554
叶月恋,14,10,'2.53,Sun Dec 19 2021 17:13:15 GMT+0800 (中国标准时间),1639905195
平安名堇,14,14,'3.82,Sun Dec 19 2021 17:15:15 GMT+0800 (中rg),1639905315
平安名堇,20,14,'4.75,Sun Dec 19 2021 17:18:56 GMT+0800 (中rg),1639905536
平安名堇,20,14,'1.44,Sun Dec 19 2021 17:20:22 GMT+0800 (中rg),1639905622
平安名堇,20,14,'1.11,Sun Dec 19 2021 17:21:17 GMT+0800 (中rg),1639905677
平安名堇,20,14,'1.75,Sun Dec 19 2021 17:23:12 GMT+0800 (中rg),1639905792
麦记森yu,14,10,'2.64,Sun Dec 19 2021 17:23:13 GMT+0800 (中国标准时间),1639905793
平安名堇,20,20,'2.01,Sun Dec 19 2021 17:23:23 GMT+0800 (中rg),1639905803
平安名堇,20,20,'1.57,Sun Dec 19 2021 17:23:31 GMT+0800 (中rg),1639905811
平安名堇,20,20,'1.73,Sun Dec 19 2021 17:23:40 GMT+0800 (中rg),1639905820
麦记森yu,14,10,'1.16,Sun Dec 19 2021 17:24:01 GMT+0800 (中国标准时间),1639905841
平安名堇,20,20,'2.27,Sun Dec 19 2021 17:32:41 GMT+0800 (中rg),1639906361
平安名堇,20,20,'1.00,Sun Dec 19 2021 17:32:50 GMT+0800 (中rg),1639906370
平安名堇,20,20,'1.77,Sun Dec 19 2021 17:32:55 GMT+0800 (中rg),1639906375
澳ρ,14,10,'1.32,Sun Dec 19 2021 17:36:17 GMT+0800 (中rg),1639906577
澳ρ,20,14,'2.32,Sun Dec 19 2021 17:36:36 GMT+0800 (中rg),1639906596
发声说,14,10,'2.04,Sun Dec 19 2021 17:51:45 GMT+0800 (中国标准时间),1639907505
发声说,14,10,'2.08,Sun Dec 19 2021 17:53:21 GMT+0800 (中国标准时间),1639907601
涩谷香音,29,27,'8.86,Sun Dec 19 2021 18:03:38 GMT+0800 (中国标准时间),1639908218
涩谷香音,29,27,'1.75,Sun Dec 19 2021 18:03:44 GMT+0800 (中国标准时间),1639908224
涩谷香音,29,27,'6.63,Sun Dec 19 2021 18:03:54 GMT+0800 (中国标准时间),1639908234
叶月恋,14,10,'1.68,Sun Dec 19 2021 18:10:36 GMT+0800 (中国标准时间),1639908636
涩谷香音,14,10,'0.96,Sun Dec 19 2021 18:29:17 GMT+0800 (中国标准时间),1639909757
一只呆堍,14,10,'0.99,Sun Dec 19 2021 18:30:10 GMT+0800 (中国标准时间),1639909810
岚千砂都,14,10,'2.31,Sun Dec 19 2021 18:51:40 GMT+0800 (CST),1639911100
岚千砂都,14,10,'2.15,Sun Dec 19 2021 19:29:36 GMT+0800 (中国标准时间),1639913376
唐可可,14,10,'2.46,Sun Dec 19 2021 19:30:31 GMT+0800 (中国标准时间),1639913431
涩谷香音,14,10,'2.01,Sun Dec 19 2021 19:51:25 GMT+0800 (中国标准时间),1639914685
lsp一个,14,10,'1.12,Sun Dec 19 2021 19:53:50 GMT+0800 (中国标准时间),1639914830
DDY,20,14,'1.40,Sun Dec 19 2021 19:57:36 GMT+0800 (中国标准时间),1639915056
DDY,20,14,'1.14,Sun Dec 19 2021 19:58:07 GMT+0800 (中国标准时间),1639915087
DDY,20,14,'0.78,Sun Dec 19 2021 19:58:18 GMT+0800 (中国标准时间),1639915098
DDY,20,14,'0.77,Sun Dec 19 2021 19:59:03 GMT+0800 (中国标准时间),1639915143
DDY,20,14,'0.87,Sun Dec 19 2021 19:59:10 GMT+0800 (中国标准时间),1639915150
DDY,20,14,'0.67,Sun Dec 19 2021 19:59:20 GMT+0800 (中国标准时间),1639915160
DDY,20,14,'0.85,Sun Dec 19 2021 19:59:55 GMT+0800 (中国标准时间),1639915195
DDY,30,30,'0.97,Sun Dec 19 2021 20:00:43 GMT+0800 (中国标准时间),1639915243
DDY,30,30,'0.85,Sun Dec 19 2021 20:00:53 GMT+0800 (中国标准时间),1639915253
DDY,30,30,'0.82,Sun Dec 19 2021 20:01:05 GMT+0800 (中国标准时间),1639915265
DDY,30,30,'1.08,Sun Dec 19 2021 20:01:27 GMT+0800 (中国标准时间),1639915287
DDY,30,30,'0.81,Sun Dec 19 2021 20:01:46 GMT+0800 (中国标准时间),1639915306
DDY,20,14,'0.73,Sun Dec 19 2021 20:01:52 GMT+0800 (中国标准时间),1639915312
DDY,20,14,'0.80,Sun Dec 19 2021 20:02:02 GMT+0800 (中国标准时间),1639915322
DDY,20,14,'0.80,Sun Dec 19 2021 20:02:13 GMT+0800 (中国标准时间),1639915333
DDY,20,14,'1.34,Sun Dec 19 2021 20:02:20 GMT+0800 (中国标准时间),1639915340
DDY,20,14,'0.73,Sun Dec 19 2021 20:02:35 GMT+0800 (中国标准时间),1639915355
DDY,20,14,'0.88,Sun Dec 19 2021 20:02:39 GMT+0800 (中国标准时间),1639915359
DDY,20,14,'0.75,Sun Dec 19 2021 20:02:44 GMT+0800 (中国标准时间),1639915364
DDY,20,14,'0.79,Sun Dec 19 2021 20:02:52 GMT+0800 (中国标准时间),1639915372
DDY,20,14,'0.72,Sun Dec 19 2021 20:02:57 GMT+0800 (中国标准时间),1639915377
DDY,20,14,'0.76,Sun Dec 19 2021 20:03:02 GMT+0800 (中国标准时间),1639915382
DDY,20,14,'0.98,Sun Dec 19 2021 20:03:11 GMT+0800 (中国标准时间),1639915391
平安名堇,14,10,'1.83,Sun Dec 19 2021 20:03:16 GMT+0800 (中国标准时间),1639915396
DDY,20,14,'0.64,Sun Dec 19 2021 20:03:16 GMT+0800 (中国标准时间),1639915396
DDY,20,14,'0.75,Sun Dec 19 2021 20:03:21 GMT+0800 (中国标准时间),1639915401
DDY,20,14,'0.92,Sun Dec 19 2021 20:03:31 GMT+0800 (中国标准时间),1639915411
DDY,20,14,'0.73,Sun Dec 19 2021 20:03:37 GMT+0800 (中国标准时间),1639915417
DDY,20,14,'0.75,Sun Dec 19 2021 20:03:45 GMT+0800 (中国标准时间),1639915425
DDY,20,14,'0.83,Sun Dec 19 2021 20:03:52 GMT+0800 (中国标准时间),1639915432
圣泽悠奈,14,10,'1.16,Sun Dec 19 2021 20:04:20 GMT+0800 (中国标准时间),1639915460
DDY,20,14,'0.78,Sun Dec 19 2021 20:05:43 GMT+0800 (中国标准时间),1639915543
平安名堇,14,10,'2.28,Sun Dec 19 2021 20:17:35 GMT+0800 (CST),1639916255
叶月恋,14,10,'2.02,Sun Dec 19 2021 20:18:32 GMT+0800 (中国标准时间),1639916312
姬宫真步,20,14,'3.87,Sun Dec 19 2021 20:21:51 GMT+0800 (CST),1639916511
姬宫真步,20,14,'3.86,Sun Dec 19 2021 20:24:37 GMT+0800 (CST),1639916677
姬宫真步,20,14,'2.56,Sun Dec 19 2021 20:25:50 GMT+0800 (CST),1639916750
姬宫真步,20,14,'5.17,Sun Dec 19 2021 20:26:48 GMT+0800 (CST),1639916808
平安名堇,14,10,'1.62,Sun Dec 19 2021 20:27:34 GMT+0800 (香港标准时间),1639916854
姬宫真步,20,14,'2.46,Sun Dec 19 2021 20:28:09 GMT+0800 (CST),1639916889
涩谷香音,20,14,'4.02,Sun Dec 19 2021 20:29:04 GMT+0800 (中国标准时间),1639916944
澳ρ,14,10,'1.29,Sun Dec 19 2021 20:29:39 GMT+0800 (中国标准时间),1639916979
涩谷香音,14,10,'2.69,Sun Dec 19 2021 20:30:32 GMT+0800 (China Standard Time),1639917032
涩谷香音,20,14,'2.68,Sun Dec 19 2021 20:30:47 GMT+0800 (中国标准时间),1639917047
涩谷香音,20,14,'1.81,Sun Dec 19 2021 20:31:06 GMT+0800 (中国标准时间),1639917066
姬宫真步,20,14,'2.03,Sun Dec 19 2021 20:31:06 GMT+0800 (CST),1639917066
涩谷香音,14,10,'1.33,Sun Dec 19 2021 20:31:17 GMT+0800 (China Standard Time),1639917077
涩谷香音,20,14,'1.88,Sun Dec 19 2021 20:31:21 GMT+0800 (中国标准时间),1639917081
涩谷香音,20,14,'3.09,Sun Dec 19 2021 20:31:28 GMT+0800 (中国标准时间),1639917088
姬宫真步,20,14,'4.70,Sun Dec 19 2021 20:33:35 GMT+0800 (CST),1639917215
叶月恋,20,14,'4.34,Sun Dec 19 2021 20:33:50 GMT+0800 (CST),1639917230
岚千砂都,14,10,'2.43,Sun Dec 19 2021 20:35:17 GMT+0800 (中国标准时间),1639917317
叶月恋,20,14,'3.52,Sun Dec 19 2021 20:36:02 GMT+0800 (中国标准时间),1639917362
言,20,20,'8.46,Sun Dec 19 2021 20:36:58 GMT+0800 (CST),1639917418
姬宫真步,20,14,'3.28,Sun Dec 19 2021 20:37:29 GMT+0800 (CST),1639917449
言,14,10,'1.01,Sun Dec 19 2021 20:37:41 GMT+0800 (CST),1639917461
姬宫真步,20,14,'2.11,Sun Dec 19 2021 20:37:53 GMT+0800 (CST),1639917473
姬宫真步,20,14,'3.42,Sun Dec 19 2021 20:38:17 GMT+0800 (CST),1639917497
言,14,10,'1.67,Sun Dec 19 2021 20:38:30 GMT+0800 (CST),1639917510
言,14,10,'2.14,Sun Dec 19 2021 20:39:06 GMT+0800 (CST),1639917546
姬宫真步,20,14,'1.61,Sun Dec 19 2021 20:39:25 GMT+0800 (CST),1639917565
言,14,10,'2.88,Sun Dec 19 2021 20:40:50 GMT+0800 (CST),1639917650
言,14,10,'0.78,Sun Dec 19 2021 20:41:18 GMT+0800 (CST),1639917678
ddd,14,10,'2.84,Sun Dec 19 2021 20:43:42 GMT+0800 (中国标准时间),1639917822
dddd,14,10,'2.77,Sun Dec 19 2021 20:49:30 GMT+0800 (中国标准时间),1639918170
dddd,14,10,'1.61,Sun Dec 19 2021 20:50:01 GMT+0800 (中国标准时间),1639918201
dddd,14,10,'1.38,Sun Dec 19 2021 20:50:47 GMT+0800 (中国标准时间),1639918247
姬宫真步,20,14,'5.33,Sun Dec 19 2021 20:53:48 GMT+0800 (CST),1639918428
姬宫真步,20,14,'1.50,Sun Dec 19 2021 20:54:01 GMT+0800 (CST),1639918441
叶月恋,14,10,'2.66,Sun Dec 19 2021 20:59:59 GMT+0800 (中国标准时间),1639918799
涩谷香音,14,10,'2.57,Sun Dec 19 2021 21:03:00 GMT+0800 (中国标准时间),1639918980
叶月恋,14,10,'2.46,Sun Dec 19 2021 21:09:26 GMT+0800 (中国标准时间),1639919366
圣泽悠奈,14,10,'2.47,Sun Dec 19 2021 21:39:57 GMT+0800 (中国标准时间),1639921197
圣泽悠奈,14,10,'1.51,Sun Dec 19 2021 21:40:07 GMT+0800 (中国标准时间),1639921207
唐可可,20,14,'2.05,Sun Dec 19 2021 21:40:10 GMT+0800 (China Standard Time),1639921210
圣泽悠奈,14,10,'1.10,Sun Dec 19 2021 21:40:12 GMT+0800 (中国标准时间),1639921212
岚千砂都,14,14,'2.91,Sun Dec 19 2021 21:46:49 GMT+0800 (中国标准时间),1639921609
岚千砂都,14,10,'1.04,Sun Dec 19 2021 21:47:06 GMT+0800 (中国标准时间),1639921626
岚千砂都,14,10,'0.93,Sun Dec 19 2021 21:47:12 GMT+0800 (中国标准时间),1639921632
岚千砂都,14,10,'1.88,Sun Dec 19 2021 21:47:24 GMT+0800 (中国标准时间),1639921644
岚千砂都,14,10,'1.13,Sun Dec 19 2021 21:47:50 GMT+0800 (中国标准时间),1639921670
李明华,14,10,'2.24,Sun Dec 19 2021 21:52:45 GMT+0800 (CST),1639921965
平安名堇,14,10,'1.08,Sun Dec 19 2021 21:55:49 GMT+0800 (中国标准时间),1639922149
平安名堇,14,10,'0.77,Sun Dec 19 2021 21:55:57 GMT+0800 (中国标准时间),1639922157
平安名堇,14,10,'0.69,Sun Dec 19 2021 21:56:04 GMT+0800 (中国标准时间),1639922164
岚千砂都,14,10,'2.69,Sun Dec 19 2021 21:58:27 GMT+0800 (中国标准时间),1639922307
hsz75,14,10,'2.01,Sun Dec 19 2021 22:06:02 GMT+0800 (CST),1639922762
y,14,10,'1.48,Sun Dec 19 2021 22:24:26 GMT+0800 (CST),1639923866
y,14,10,'1.66,Sun Dec 19 2021 22:24:56 GMT+0800 (CST),1639923896
岚千砂都,14,10,'2.31,Sun Dec 19 2021 22:25:40 GMT+0800 (中国标准时间),1639923940
岚千砂都,14,14,'1.89,Sun Dec 19 2021 22:41:50 GMT+0800 (中国标准时间),1639924910
呀吼！,14,10,'2.93,Sun Dec 19 2021 22:42:02 GMT+0800 (中国标准时间),1639924922
呀嘿！,14,10,'2.92,Sun Dec 19 2021 22:43:00 GMT+0800 (中国标准时间),1639924980
叶月恋,14,10,'2.60,Sun Dec 19 2021 22:44:14 GMT+0800 (CST),1639925054
zjl,14,10,'1.80,Sun Dec 19 2021 22:45:19 GMT+0800 (中国标准时间),1639925119
小刚,14,10,'2.05,Sun Dec 19 2021 22:45:57 GMT+0800 (中国标准时间),1639925157
小刚,20,14,'1.54,Sun Dec 19 2021 22:46:25 GMT+0800 (中国标准时间),1639925185
岚千砂都,14,10,'1.39,Sun Dec 19 2021 22:47:06 GMT+0800 (中国标准时间),1639925226
小刚,20,14,'1.01,Sun Dec 19 2021 22:47:07 GMT+0800 (中国标准时间),1639925227
拖把专家,14,10,'1.00,Sun Dec 19 2021 22:47:36 GMT+0800 (中国标准时间),1639925256
岚千砂都,14,10,'2.57,Sun Dec 19 2021 22:48:12 GMT+0800 (中国标准时间),1639925292
唐可可,14,10,'1.99,Sun Dec 19 2021 22:51:38 GMT+0800 (中国标准时间),1639925498
圣泽悠奈,14,10,'1.30,Sun Dec 19 2021 22:56:25 GMT+0800 (中国标准时间),1639925785
唐可可,14,10,'2.29,Sun Dec 19 2021 22:56:36 GMT+0800 (中国标准时间),1639925796
唐可可,14,10,'1.60,Sun Dec 19 2021 22:57:01 GMT+0800 (中国标准时间),1639925821
阿笙,14,10,'2.29,Sun Dec 19 2021 23:09:39 GMT+0800 (中国标准时间),1639926579
Elliott,14,10,'2.81,Sun Dec 19 2021 23:12:18 GMT+0800 (中国标准时间),1639926738
Elliott,14,10,'2.19,Sun Dec 19 2021 23:12:40 GMT+0800 (中国标准时间),1639926760
Elliott,14,10,'2.60,Sun Dec 19 2021 23:15:42 GMT+0800 (中国标准时间),1639926942
Elliott,14,10,'2.70,Sun Dec 19 2021 23:16:21 GMT+0800 (中国标准时间),1639926981
Elliott,14,10,'2.73,Sun Dec 19 2021 23:16:31 GMT+0800 (中国标准时间),1639926991
Elliott,14,10,'2.53,Sun Dec 19 2021 23:16:47 GMT+0800 (中国标准时间),1639927007
hlll,20,14,'1.89,Sun Dec 19 2021 23:31:22 GMT+0800 (CST),1639927882
唐可可,14,10,'2.03,Sun Dec 19 2021 23:39:50 GMT+0800 (中国标准时间),1639928390
叶月恋,14,10,'1.97,Sun Dec 19 2021 23:43:04 GMT+0800 (中国标准时间),1639928584
唐可可,14,10,'1.83,Sun Dec 19 2021 23:56:49 GMT+0800 (中国标准时间),1639929409
澳ρ,14,10,'3.00,Mon Dec 20 2021 00:03:50 GMT+0800 (中国标准时间),1639929830
平安名堇,14,10,'1.61,Mon Dec 20 2021 00:04:47 GMT+0800 (China Standard Time),1639929887
平安名堇,14,10,'1.49,Mon Dec 20 2021 00:05:01 GMT+0800 (China Standard Time),1639929901
平安名堇,14,10,'1.16,Mon Dec 20 2021 00:05:11 GMT+0800 (China Standard Time),1639929911
平安名堇,20,14,'2.23,Mon Dec 20 2021 00:05:19 GMT+0800 (China Standard Time),1639929919
傻der,14,10,'1.36,Mon Dec 20 2021 00:15:51 GMT+0800 (中国标准时间),1639930551
岚千砂都,14,10,'1.24,Mon Dec 20 2021 00:21:31 GMT+0800 (中国标准时间),1639930891
哈哈哈,14,10,'2.27,Mon Dec 20 2021 00:23:42 GMT+0800 (中国标准时间),1639931022
澳ρ,14,10,'2.24,Mon Dec 20 2021 00:43:10 GMT+0800 (中国标准时间),1639932190
涩谷香音,14,10,'1.32,Mon Dec 20 2021 00:47:35 GMT+0800 (中国标准时间),1639932455
神の墓,14,10,'0.76,Mon Dec 20 2021 00:59:21 GMT+0800 (中国标准时间),1639933161
袁富贵！,14,10,'1.77,Mon Dec 20 2021 01:07:06 GMT+0800 (CST),1639933626
袁富贵！,14,10,'1.41,Mon Dec 20 2021 01:09:10 GMT+0800 (CST),1639933750
平安名堇,14,10,'1.20,Mon Dec 20 2021 01:15:42 GMT+0800 (中国标准时间),1639934142
lee,14,10,'2.84,Mon Dec 20 2021 02:29:36 GMT+0800 (香港标准时间),1639938576
lee,14,10,'2.13,Mon Dec 20 2021 02:29:57 GMT+0800 (香港标准时间),1639938597
lee,14,14,'1.78,Mon Dec 20 2021 02:30:30 GMT+0800 (香港标准时间),1639938630
lee,14,14,'1.24,Mon Dec 20 2021 02:30:35 GMT+0800 (香港标准时间),1639938635
lee,20,14,'1.58,Mon Dec 20 2021 02:30:41 GMT+0800 (香港标准时间),1639938641
lee,20,14,'1.04,Mon Dec 20 2021 02:30:58 GMT+0800 (香港标准时间),1639938658
圣泽悠奈,14,10,'2.47,Mon Dec 20 2021 02:31:05 GMT+0800 (中国标准时间),1639938665
圣泽悠奈,14,10,'2.02,Mon Dec 20 2021 02:32:09 GMT+0800 (中国标准时间),1639938729
唐可可,14,10,'1.75,Mon Dec 20 2021 02:53:54 GMT+0800 (CST),1639940034
唐可可,14,10,'1.40,Mon Dec 20 2021 02:54:23 GMT+0800 (CST),1639940063
唐可可,14,10,'1.20,Mon Dec 20 2021 02:54:33 GMT+0800 (CST),1639940073
圣泽悠奈,14,10,'2.66,Mon Dec 20 2021 02:59:48 GMT+0800 (中国标准时间),1639940388
岚千砂都,14,10,'1.33,Mon Dec 20 2021 08:51:48 GMT+0800 (中国标准时间),1639961508
叶月恋,14,10,'1.82,Mon Dec 20 2021 09:51:12 GMT+0800 (CST),1639965072
Hangs,20,14,'1.49,Mon Dec 20 2021 10:12:54 GMT+0800 (中国标准时间),1639966374
Hangs,20,14,'0.95,Mon Dec 20 2021 10:15:15 GMT+0800 (中国标准时间),1639966515
Hangs,20,14,'0.73,Mon Dec 20 2021 10:15:24 GMT+0800 (中国标准时间),1639966524
平安名堇,14,10,'2.07,Mon Dec 20 2021 10:25:16 GMT+0800 (中国标准时间),1639967116
平安名堇,14,10,'1.23,Mon Dec 20 2021 10:25:32 GMT+0800 (中国标准时间),1639967132
平安名堇,14,10,'1.21,Mon Dec 20 2021 10:25:37 GMT+0800 (中国标准时间),1639967137
唐可可,14,10,'1.39,Mon Dec 20 2021 10:25:52 GMT+0800 (中国标准时间),1639967152
唐可可,14,10,'2.16,Mon Dec 20 2021 10:26:11 GMT+0800 (中国标准时间),1639967171
唐可可,14,10,'2.30,Mon Dec 20 2021 10:26:20 GMT+0800 (中国标准时间),1639967180
唐可可,14,10,'1.90,Mon Dec 20 2021 10:26:31 GMT+0800 (中国标准时间),1639967191
唐可可,14,10,'2.96,Mon Dec 20 2021 10:26:37 GMT+0800 (中国标准时间),1639967197
唐可可,14,10,'1.38,Mon Dec 20 2021 10:26:41 GMT+0800 (中国标准时间),1639967201
唐可可,14,10,'1.22,Mon Dec 20 2021 10:26:46 GMT+0800 (中国标准时间),1639967206
唐可可,14,10,'1.18,Mon Dec 20 2021 10:26:53 GMT+0800 (中国标准时间),1639967213
唐可可,14,10,'1.20,Mon Dec 20 2021 10:27:03 GMT+0800 (中国标准时间),1639967223
唐可可,14,10,'1.08,Mon Dec 20 2021 10:27:09 GMT+0800 (中国标准时间),1639967229
澳ρ,20,14,'1.29,Mon Dec 20 2021 11:10:42 GMT+0800 (中国标准时间),1639969842
澳ρ,20,20,'1.23,Mon Dec 20 2021 11:10:55 GMT+0800 (中国标准时间),1639969855
澳ρ,20,20,'1.28,Mon Dec 20 2021 11:11:18 GMT+0800 (中国标准时间),1639969878
澳ρ,20,20,'0.83,Mon Dec 20 2021 11:11:44 GMT+0800 (中国标准时间),1639969904
平安名堇,14,10,'0.20,Mon Dec 20 2021 11:57:10 GMT+0800 (中国标准时间),1639972630
Baozi,14,10,'2.35,Mon Dec 20 2021 15:19:07 GMT+1100 (Australian Eastern Daylight Time),1639973947
平安名堇,14,10,'2.37,Mon Dec 20 2021 13:04:39 GMT+0800 (CST),1639976679
l,14,10,'2.66,Mon Dec 20 2021 13:33:29 GMT+0800 (中国标准时间),1639978409
唐可可,14,10,'1.39,Mon Dec 20 2021 13:34:04 GMT+0800 (中国标准时间),1639978444
唐可可,14,14,'1.22,Mon Dec 20 2021 13:34:14 GMT+0800 (中国标准时间),1639978454
唐可可,20,14,'2.15,Mon Dec 20 2021 13:34:20 GMT+0800 (中国标准时间),1639978460
唐可可,20,20,'5.34,Mon Dec 20 2021 13:34:33 GMT+0800 (中国标准时间),1639978473
唐可可,20,20,'2.86,Mon Dec 20 2021 13:34:43 GMT+0800 (中国标准时间),1639978483
唐可可,14,10,'1.95,Mon Dec 20 2021 13:35:01 GMT+0800 (中国标准时间),1639978501
唐可可,14,10,'2.14,Mon Dec 20 2021 13:35:23 GMT+0800 (中国标准时间),1639978523
唐可可,14,10,'1.74,Mon Dec 20 2021 13:42:15 GMT+0800 (中国标准时间),1639978935
岚千砂都,14,10,'1.67,Mon Dec 20 2021 13:42:47 GMT+0800 (中国标准时间),1639978967
岚千砂都,14,10,'2.81,Mon Dec 20 2021 13:43:08 GMT+0800 (中国标准时间),1639978988
333,14,10,'1.99,Mon Dec 20 2021 13:52:40 GMT+0800 (中国标准时间),1639979560
澳ρ,10,20,'3.06,Mon Dec 20 2021 13:52:42 GMT+0800 (中国标准时间),1639979562
333,20,14,'1.84,Mon Dec 20 2021 13:53:45 GMT+0800 (中国标准时间),1639979625
123,10,10,'1.76,Mon Dec 20 2021 13:55:45 GMT+0800 (中国标准时间),1639979745
123,10,10,'1.62,Mon Dec 20 2021 13:56:19 GMT+0800 (中国标准时间),1639979779
黑泽凛,14,10,'1.23,Mon Dec 20 2021 13:56:29 GMT+0800 (中国标准时间),1639979789
123,10,10,'1.99,Mon Dec 20 2021 13:56:29 GMT+0800 (中国标准时间),1639979789
123,30,15,'8.62,Mon Dec 20 2021 13:57:12 GMT+0800 (中国标准时间),1639979832
123,30,15,'5.65,Mon Dec 20 2021 13:57:56 GMT+0800 (中国标准时间),1639979876
123,30,15,'8.93,Mon Dec 20 2021 13:58:12 GMT+0800 (中国标准时间),1639979892
完美的肉山菌,14,10,'2.09,Mon Dec 20 2021 14:07:00 GMT+0800 (中国标准时间),1639980420
圣泽悠奈,14,10,'2.28,Mon Dec 20 2021 14:29:22 GMT+0800 (中国标准时间),1639981762
可可豆奶,14,10,'2.95,Mon Dec 20 2021 14:30:39 GMT+0800 (中国标准时间),1639981839
可可豆奶,14,10,'1.89,Mon Dec 20 2021 14:31:37 GMT+0800 (中国标准时间),1639981897
可可豆奶,14,10,'2.32,Mon Dec 20 2021 14:33:30 GMT+0800 (中国标准时间),1639982010
可可豆奶,14,10,'1.10,Mon Dec 20 2021 14:33:55 GMT+0800 (中国标准时间),1639982035
可可豆奶,14,10,'2.44,Mon Dec 20 2021 14:34:52 GMT+0800 (中国标准时间),1639982092
澳ρ,14,10,'1.12,Mon Dec 20 2021 14:37:14 GMT+0800 (中国标准时间),1639982234
可可豆奶,14,10,'1.56,Mon Dec 20 2021 14:37:46 GMT+0800 (中国标准时间),1639982266
可可豆奶,14,10,'1.48,Mon Dec 20 2021 14:38:02 GMT+0800 (中国标准时间),1639982282
可可豆奶,14,10,'2.42,Mon Dec 20 2021 14:38:26 GMT+0800 (中国标准时间),1639982306
可可豆奶,14,10,'2.48,Mon Dec 20 2021 14:38:33 GMT+0800 (中国标准时间),1639982313
唐可可爱,20,20,'2.10,Mon Dec 20 2021 14:58:20 GMT+0800 (中国标准时间),1639983500
叶月恋,14,10,'1.55,Mon Dec 20 2021 15:13:58 GMT+0800 (中国标准时间),1639984438
澳ρ,14,10,'1.86,Mon Dec 20 2021 15:14:04 GMT+0800 (中国标准时间),1639984444
澳ρ,14,10,'2.58,Mon Dec 20 2021 15:14:37 GMT+0800 (中国标准时间),1639984477
叶月恋,14,10,'1.20,Mon Dec 20 2021 15:15:39 GMT+0800 (中国标准时间),1639984539
涩谷香音,14,10,'2.54,Mon Dec 20 2021 15:57:47 GMT+0800 (中国标准时间),1639987067
涩谷香音,14,10,'2.28,Mon Dec 20 2021 15:58:07 GMT+0800 (GMT+08:00),1639987087
平安名堇,14,10,'2.72,Mon Dec 20 2021 15:58:40 GMT+0800 (中国标准时间),1639987120
叶月恋,14,10,'1.57,Mon Dec 20 2021 15:58:56 GMT+0800 (中国标准时间),1639987136
平安名堇,14,10,'2.36,Mon Dec 20 2021 16:00:50 GMT+0800 (中国标准时间),1639987250
小石,14,10,'2.50,Mon Dec 20 2021 16:01:09 GMT+0800 (中国标准时间),1639987269
唐可可,14,10,'2.40,Mon Dec 20 2021 16:02:23 GMT+0800 (中国标准时间),1639987343
dddd,14,10,'2.49,Mon Dec 20 2021 16:08:48 GMT+0800 (中国标准时间),1639987728
唐可可,14,10,'2.55,Mon Dec 20 2021 16:09:10 GMT+0800 (中国标准时间),1639987750
唐可可,14,14,'4.09,Mon Dec 20 2021 16:10:14 GMT+0800 (中国标准时间),1639987814
圣泽悠奈,14,10,'1.89,Mon Dec 20 2021 16:10:58 GMT+0800 (中国标准时间),1639987858
圣泽悠奈,14,10,'1.09,Mon Dec 20 2021 16:11:14 GMT+0800 (中国标准时间),1639987874
阿正,14,10,'1.57,Mon Dec 20 2021 16:15:42 GMT+0800 (中国标准时间),1639988142
圣泽悠奈,14,10,'2.45,Mon Dec 20 2021 16:22:41 GMT+0800 (中国标准时间),1639988561
羡鱼,14,10,'0.70,Mon Dec 20 2021 16:25:39 GMT+0800 (中国标准时间),1639988739
橙心意,14,10,'2.05,Mon Dec 20 2021 16:34:40 GMT+0800 (CST),1639989280
橙心意,14,10,'1.42,Mon Dec 20 2021 16:37:00 GMT+0800 (CST),1639989420
橙心意,20,14,'2.24,Mon Dec 20 2021 16:37:25 GMT+0800 (CST),1639989445
刘昊然,14,10,'2.42,Mon Dec 20 2021 16:37:33 GMT+0800 (中国标准时间),1639989453
叶月恋,14,10,'1.42,Mon Dec 20 2021 16:38:29 GMT+0800 (香港标准时间),1639989509
藏蓝色,14,10,'1.92,Mon Dec 20 2021 16:39:04 GMT+0800 (中国标准时间),1639989544
平安名堇,14,10,'1.16,Mon Dec 20 2021 16:42:50 GMT+0800 (中国标准时间),1639989770
圣泽悠奈,99,99,'11.88,Mon Dec 20 2021 16:46:20 GMT+0800 (中国标准时间),1639989980
傅芮,14,10,'1.49,Mon Dec 20 2021 16:52:13 GMT+0800 (中国标准时间),1639990333
傅芮芮,14,10,'2.98,Mon Dec 20 2021 16:53:08 GMT+0800 (中国标准时间),1639990388
涩谷香音,14,10,'1.52,Mon Dec 20 2021 17:33:03 GMT+0800 (中国标准时间),1639992783
涩谷香音,14,10,'1.28,Mon Dec 20 2021 17:56:46 GMT+0800 (中国标准时间),1639994206
澳ρ,14,10,'1.55,Mon Dec 20 2021 18:07:27 GMT+0800 (中国标准时间),1639994847
平安名堇,14,10,'1.85,Mon Dec 20 2021 18:08:35 GMT+0800 (中国标准时间),1639994915
平安名堇,14,10,'2.26,Mon Dec 20 2021 18:18:01 GMT+0800 (中国标准时间),1639995481
平安名堇,14,10,'2.85,Mon Dec 20 2021 18:18:08 GMT+0800 (中国标准时间),1639995488
cjybyjk,14,14,'1.05,Mon Dec 20 2021 18:19:08 GMT+0800 (中国标准时间),1639995548
cjybyjk,20,14,'1.05,Mon Dec 20 2021 18:19:54 GMT+0800 (中国标准时间),1639995594
唐可可,14,10,'2.32,Mon Dec 20 2021 18:20:00 GMT+0800 (中国标准时间),1639995600
唐可可,14,10,'1.10,Mon Dec 20 2021 18:28:35 GMT+0800 (中国标准时间),1639996115
Aphqsia,14,10,'1.61,Mon Dec 20 2021 18:28:58 GMT+0800 (中国标准时间),1639996138
Aphqsia,14,10,'2.24,Mon Dec 20 2021 18:29:58 GMT+0800 (中国标准时间),1639996198
Aphqsia,14,10,'2.08,Mon Dec 20 2021 18:30:18 GMT+0800 (中国标准时间),1639996218
Aphqsia,14,10,'1.34,Mon Dec 20 2021 18:30:45 GMT+0800 (中国标准时间),1639996245
Aphqsia,14,10,'1.82,Mon Dec 20 2021 18:31:28 GMT+0800 (中国标准时间),1639996288
Aphqsia,14,10,'2.00,Mon Dec 20 2021 18:33:13 GMT+0800 (中国标准时间),1639996393
Aphqsia,14,10,'1.38,Mon Dec 20 2021 18:33:32 GMT+0800 (中国标准时间),1639996412
Aphqsia,14,10,'1.63,Mon Dec 20 2021 18:34:50 GMT+0800 (中国标准时间),1639996490
Aphqsia,14,10,'1.57,Mon Dec 20 2021 18:35:03 GMT+0800 (中国标准时间),1639996503
Aphqsia,14,10,'1.35,Mon Dec 20 2021 18:35:29 GMT+0800 (中国标准时间),1639996529
Aphqsia,14,10,'1.20,Mon Dec 20 2021 18:35:49 GMT+0800 (中国标准时间),1639996549
叶月恋,14,10,'2.88,Mon Dec 20 2021 18:35:55 GMT+0800 (中国标准时间),1639996555
Aphqsia,14,10,'1.92,Mon Dec 20 2021 18:36:21 GMT+0800 (中国标准时间),1639996581
Aphqsia,14,10,'1.39,Mon Dec 20 2021 18:36:25 GMT+0800 (中国标准时间),1639996585
Aphqsia,14,10,'1.01,Mon Dec 20 2021 18:36:35 GMT+0800 (中国标准时间),1639996595
叶月恋,14,10,'2.95,Mon Dec 20 2021 18:36:49 GMT+0800 (中国标准时间),1639996609
Aphqsia,14,10,'1.42,Mon Dec 20 2021 18:37:00 GMT+0800 (中国标准时间),1639996620
Aphqsia,14,10,'2.97,Mon Dec 20 2021 18:37:12 GMT+0800 (中国标准时间),1639996632
Aphqsia,14,10,'0.93,Mon Dec 20 2021 18:37:17 GMT+0800 (中国标准时间),1639996637
Aphqsia,14,10,'1.10,Mon Dec 20 2021 18:37:24 GMT+0800 (中国标准时间),1639996644
Aphqsia,14,10,'0.77,Mon Dec 20 2021 18:37:28 GMT+0800 (中国标准时间),1639996648
Aphqsia,14,10,'2.73,Mon Dec 20 2021 18:37:37 GMT+0800 (中国标准时间),1639996657
Aphqsia,14,10,'2.53,Mon Dec 20 2021 18:37:43 GMT+0800 (中国标准时间),1639996663
Aphqsia,14,10,'1.60,Mon Dec 20 2021 18:37:48 GMT+0800 (中国标准时间),1639996668
Aphqsia,14,10,'0.83,Mon Dec 20 2021 18:37:52 GMT+0800 (中国标准时间),1639996672
Aphqsia,14,10,'1.26,Mon Dec 20 2021 18:37:56 GMT+0800 (中国标准时间),1639996676
Aphqsia,14,10,'1.70,Mon Dec 20 2021 18:38:01 GMT+0800 (中国标准时间),1639996681
Aphqsia,14,10,'1.67,Mon Dec 20 2021 18:38:06 GMT+0800 (中国标准时间),1639996686
Aphqsia,14,10,'1.16,Mon Dec 20 2021 18:38:33 GMT+0800 (中国标准时间),1639996713
Aphqsia,14,10,'1.86,Mon Dec 20 2021 18:38:38 GMT+0800 (中国标准时间),1639996718
Aphqsia,14,10,'1.35,Mon Dec 20 2021 18:38:42 GMT+0800 (中国标准时间),1639996722
Aphqsia,14,10,'2.96,Mon Dec 20 2021 18:38:49 GMT+0800 (中国标准时间),1639996729
Aphqsia,14,10,'1.27,Mon Dec 20 2021 18:38:53 GMT+0800 (中国标准时间),1639996733
Aphqsia,14,10,'2.37,Mon Dec 20 2021 18:38:59 GMT+0800 (中国标准时间),1639996739
Aphqsia,14,10,'1.24,Mon Dec 20 2021 18:39:13 GMT+0800 (中国标准时间),1639996753
Aphqsia,14,10,'0.92,Mon Dec 20 2021 18:39:22 GMT+0800 (中国标准时间),1639996762
Aphqsia,14,10,'1.18,Mon Dec 20 2021 18:39:26 GMT+0800 (中国标准时间),1639996766
Aphqsia,14,10,'2.26,Mon Dec 20 2021 18:39:46 GMT+0800 (中国标准时间),1639996786
Aphqsia,14,10,'1.99,Mon Dec 20 2021 18:40:03 GMT+0800 (中国标准时间),1639996803
Aphqsia,14,10,'2.04,Mon Dec 20 2021 18:40:29 GMT+0800 (中国标准时间),1639996829
Aphqsia,14,10,'3.00,Mon Dec 20 2021 18:40:35 GMT+0800 (中国标准时间),1639996835
Aphqsia,14,10,'1.77,Mon Dec 20 2021 18:40:40 GMT+0800 (中国标准时间),1639996840
Aphqsia,14,10,'1.84,Mon Dec 20 2021 18:40:45 GMT+0800 (中国标准时间),1639996845
Aphqsia,14,10,'2.96,Mon Dec 20 2021 18:40:51 GMT+0800 (中国标准时间),1639996851
Aphqsia,14,10,'2.76,Mon Dec 20 2021 18:41:03 GMT+0800 (中国标准时间),1639996863
Aphqsia,14,10,'0.96,Mon Dec 20 2021 18:41:06 GMT+0800 (中国标准时间),1639996866
Aphqsia,14,10,'2.50,Mon Dec 20 2021 18:41:12 GMT+0800 (中国标准时间),1639996872
Aphqsia,14,10,'2.26,Mon Dec 20 2021 18:41:17 GMT+0800 (中国标准时间),1639996877
Aphqsia,14,10,'2.56,Mon Dec 20 2021 18:41:32 GMT+0800 (中国标准时间),1639996892
Aphqsia,14,10,'1.83,Mon Dec 20 2021 18:41:42 GMT+0800 (中国标准时间),1639996902
Aphqsia,14,10,'2.34,Mon Dec 20 2021 18:42:05 GMT+0800 (中国标准时间),1639996925
Aphqsia,14,10,'2.65,Mon Dec 20 2021 18:42:11 GMT+0800 (中国标准时间),1639996931
Aphqsia,14,10,'2.30,Mon Dec 20 2021 18:42:21 GMT+0800 (中国标准时间),1639996941
Aphqsia,14,10,'0.97,Mon Dec 20 2021 18:42:25 GMT+0800 (中国标准时间),1639996945
Aphqsia,14,10,'1.57,Mon Dec 20 2021 18:42:31 GMT+0800 (中国标准时间),1639996951
Aphqsia,14,10,'2.86,Mon Dec 20 2021 18:42:37 GMT+0800 (中国标准时间),1639996957
Aphqsia,14,10,'1.35,Mon Dec 20 2021 18:42:41 GMT+0800 (中国标准时间),1639996961
Aphqsia,14,10,'1.48,Mon Dec 20 2021 18:42:46 GMT+0800 (中国标准时间),1639996966
Aphqsia,14,10,'0.83,Mon Dec 20 2021 18:43:02 GMT+0800 (中国标准时间),1639996982
Aphqsia,14,10,'1.09,Mon Dec 20 2021 18:43:07 GMT+0800 (中国标准时间),1639996987
Aphqsia,14,10,'0.93,Mon Dec 20 2021 18:43:10 GMT+0800 (中国标准时间),1639996990
Aphqsia,14,10,'1.55,Mon Dec 20 2021 18:43:23 GMT+0800 (中国标准时间),1639997003
Aphqsia,14,10,'1.03,Mon Dec 20 2021 18:43:27 GMT+0800 (中国标准时间),1639997007
Aphqsia,14,10,'1.83,Mon Dec 20 2021 18:43:31 GMT+0800 (中国标准时间),1639997011
Aphqsia,14,10,'1.18,Mon Dec 20 2021 18:43:35 GMT+0800 (中国标准时间),1639997015
Aphqsia,14,10,'1.58,Mon Dec 20 2021 18:43:40 GMT+0800 (中国标准时间),1639997020
Aphqsia,14,10,'2.81,Mon Dec 20 2021 18:43:45 GMT+0800 (中国标准时间),1639997025
Aphqsia,14,10,'1.13,Mon Dec 20 2021 18:43:49 GMT+0800 (中国标准时间),1639997029
Aphqsia,14,10,'0.95,Mon Dec 20 2021 18:43:54 GMT+0800 (中国标准时间),1639997034
Aphqsia,14,10,'1.78,Mon Dec 20 2021 18:43:58 GMT+0800 (中国标准时间),1639997038
Aphqsia,14,10,'2.83,Mon Dec 20 2021 18:44:05 GMT+0800 (中国标准时间),1639997045
Aphqsia,14,10,'1.67,Mon Dec 20 2021 18:44:10 GMT+0800 (中国标准时间),1639997050
Aphqsia,14,10,'1.09,Mon Dec 20 2021 18:44:13 GMT+0800 (中国标准时间),1639997053
Aphqsia,14,10,'2.21,Mon Dec 20 2021 18:45:33 GMT+0800 (中国标准时间),1639997133
Aphqsia,14,10,'1.96,Mon Dec 20 2021 18:45:38 GMT+0800 (中国标准时间),1639997138
Aphqsia,14,10,'2.39,Mon Dec 20 2021 18:45:44 GMT+0800 (中国标准时间),1639997144
Aphqsia,14,10,'1.62,Mon Dec 20 2021 18:45:48 GMT+0800 (中国标准时间),1639997148
涩谷香音,14,10,'2.60,Mon Dec 20 2021 18:52:17 GMT+0800 (中国标准时间),1639997537
平安名堇,14,10,'1.19,Mon Dec 20 2021 18:52:54 GMT+0800 (中国标准时间),1639997574
岚千砂都,14,10,'2.61,Mon Dec 20 2021 19:04:29 GMT+0800 (中国标准时间),1639998269
叶月恋,14,10,'0.03,Mon Dec 20 2021 19:06:57 GMT+0800 (中国标准时间),1639998417
岚千砂都,14,10,'1.00,Mon Dec 20 2021 19:12:42 GMT+0800 (中国标准时间),1639998762
岚千砂都,14,10,'1.28,Mon Dec 20 2021 19:12:48 GMT+0800 (中国标准时间),1639998768
岚千砂都,14,10,'1.11,Mon Dec 20 2021 19:12:53 GMT+0800 (中国标准时间),1639998773
岚千砂都,14,10,'0.80,Mon Dec 20 2021 19:13:05 GMT+0800 (中国标准时间),1639998785
岚千砂都,20,14,'1.09,Mon Dec 20 2021 19:13:18 GMT+0800 (中国标准时间),1639998798
易烊千玺老婆,14,10,'2.85,Mon Dec 20 2021 19:22:28 GMT+0800 (中国标准时间),1639999348
黑丝擦枪,14,10,'2.84,Mon Dec 20 2021 19:22:45 GMT+0800 (中国标准时间),1639999365
黑丝擦枪,14,10,'2.11,Mon Dec 20 2021 19:23:06 GMT+0800 (中国标准时间),1639999386
澳ρ,14,10,'2.22,Mon Dec 20 2021 19:23:13 GMT+0800 (中国标准时间),1639999393
黑丝擦枪,14,10,'2.66,Mon Dec 20 2021 19:23:14 GMT+0800 (中国标准时间),1639999394
澳ρ,14,10,'1.47,Mon Dec 20 2021 19:53:00 GMT+0800 (中国标准时间),1640001180
叶月恋,14,14,'2.27,Mon Dec 20 2021 20:20:25 GMT+0800 (中国标准时间),1640002825
叶月恋,14,14,'3.08,Mon Dec 20 2021 20:20:36 GMT+0800 (中国标准时间),1640002836
西西小朋友,14,10,'2.99,Mon Dec 20 2021 20:37:04 GMT+0800 (CST),1640003824
西西小朋友,14,10,'1.57,Mon Dec 20 2021 20:37:54 GMT+0800 (CST),1640003874
圣泽悠奈,14,10,'1.61,Mon Dec 20 2021 20:45:43 GMT+0800 (中国标准时间),1640004343
圣泽悠奈,14,10,'1.19,Mon Dec 20 2021 20:45:51 GMT+0800 (中国标准时间),1640004351
唐可可,14,10,'2.53,Mon Dec 20 2021 21:11:42 GMT+0800 (中国标准时间),1640005902
唐可可,14,10,'1.44,Mon Dec 20 2021 21:12:11 GMT+0800 (中国标准时间),1640005931
唐可可,14,10,'2.74,Mon Dec 20 2021 21:13:05 GMT+0800 (中国标准时间),1640005985
唐可可,14,10,'1.79,Mon Dec 20 2021 21:13:34 GMT+0800 (中国标准时间),1640006014
岚千砂都,14,14,'2.67,Mon Dec 20 2021 21:13:52 GMT+0800 (中国标准时间),1640006032
嘿嘿,14,14,'1.31,Mon Dec 20 2021 21:14:01 GMT+0800 (中国标准时间),1640006041
叶月恋,20,14,'5.14,Mon Dec 20 2021 21:15:08 GMT+0800 (中国标准时间),1640006108
嘿嘿,20,14,'2.74,Mon Dec 20 2021 21:15:20 GMT+0800 (中国标准时间),1640006120
平安名堇,14,10,'1.43,Mon Dec 20 2021 21:16:07 GMT+0800 (中国标准时间),1640006167
嘿嘿,20,20,'2.61,Mon Dec 20 2021 21:16:57 GMT+0800 (中国标准时间),1640006217
嘿嘿,20,20,'2.06,Mon Dec 20 2021 21:18:46 GMT+0800 (中国标准时间),1640006326
澳ρ,20,14,'3.40,Mon Dec 20 2021 21:19:50 GMT+0800 (中国标准时间),1640006390
澳ρ,20,20,'7.23,Mon Dec 20 2021 21:20:13 GMT+0800 (中国标准时间),1640006413
澳ρ,20,20,'7.23,Mon Dec 20 2021 21:20:13 GMT+0800 (中国标准时间),1640006413
嘿嘿,20,20,'1.51,Mon Dec 20 2021 21:20:23 GMT+0800 (中国标准时间),1640006423
呜呜呜,20,14,'4.46,Mon Dec 20 2021 21:45:28 GMT+0800 (中国标准时间),1640007928
小婉,14,10,'2.07,Mon Dec 20 2021 21:54:31 GMT+0800 (中国标准时间),1640008471
我是谁0922,20,14,'2.22,Mon Dec 20 2021 22:02:16 GMT+0800 (台北rg),1640008936
我是谁0922,20,14,'3.22,Mon Dec 20 2021 22:02:53 GMT+0800 (台北rg),1640008973
我是谁0922,20,14,'1.72,Mon Dec 20 2021 22:03:02 GMT+0800 (台北rg),1640008982
YUI,14,10,'2.54,Mon Dec 20 2021 22:33:18 GMT+0800 (中国标准时间),1640010798
给我来只边牧球球,14,14,'1.59,Mon Dec 20 2021 22:38:07 GMT+0800 (中国标准时间),1640011087
给我来只边牧球球,20,14,'1.66,Mon Dec 20 2021 22:39:09 GMT+0800 (中国标准时间),1640011149
澳ρ,14,10,'1.25,Mon Dec 20 2021 22:41:16 GMT+0800 (中国标准时间),1640011276
阿关,14,10,'0.85,Mon Dec 20 2021 22:42:11 GMT+0800 (中国标准时间),1640011331
lyca,14,10,'1.06,Mon Dec 20 2021 22:42:54 GMT+0800 (中国标准时间),1640011374
何复,14,10,'2.29,Mon Dec 20 2021 23:11:56 GMT+0800 (中国标准时间),1640013116
涩谷香音,14,10,'3.00,Mon Dec 20 2021 23:18:11 GMT+0800 (CST),1640013491
涩谷香音,14,10,'1.66,Mon Dec 20 2021 23:18:37 GMT+0800 (CST),1640013517
没有名字,14,10,'2.69,Tue Dec 21 2021 00:01:56 GMT+0800 (China Standard Time),1640016116
小熊饼,14,10,'1.79,Tue Dec 21 2021 00:38:33 GMT+0800 (CST),1640018313
叶月恋,14,10,'2.23,Tue Dec 21 2021 00:43:46 GMT+0800 (CST),1640018626
潇崽,14,10,'1.50,Tue Dec 21 2021 00:44:38 GMT+0800 (CST),1640018678
秦曙光,20,14,'3.03,Tue Dec 21 2021 01:14:12 GMT+0800 (中国标准时间),1640020452
秦曙光,20,14,'3.90,Tue Dec 21 2021 01:14:30 GMT+0800 (中国标准时间),1640020470
秦曙光,20,14,'1.38,Tue Dec 21 2021 01:14:42 GMT+0800 (中国标准时间),1640020482
秦曙光,20,14,'1.24,Tue Dec 21 2021 01:15:16 GMT+0800 (中国标准时间),1640020516
秦曙光,20,14,'0.89,Tue Dec 21 2021 01:15:23 GMT+0800 (中国标准时间),1640020523
秦曙光,20,14,'1.63,Tue Dec 21 2021 01:16:17 GMT+0800 (中国标准时间),1640020577
秦曙光,20,14,'1.17,Tue Dec 21 2021 01:16:29 GMT+0800 (中国标准时间),1640020589
唐可可,14,10,'1.70,Tue Dec 21 2021 01:37:14 GMT+0800 (中国标准时间),1640021834
叶月恋,14,10,'1.85,Tue Dec 21 2021 01:50:59 GMT+0800 (中国标准时间),1640022659
涩谷香音,14,14,'1.34,Tue Dec 21 2021 02:19:49 GMT+0800 (中国标准时间),1640024389
哎一古,14,10,'2.65,Mon Dec 20 2021 15:42:21 GMT-0300 (苏里南时间),1640025741
哎一古,14,10,'1.26,Mon Dec 20 2021 15:42:42 GMT-0300 (苏里南时间),1640025762
澳ρ,14,10,'2.59,Tue Dec 21 2021 05:29:22 GMT+0800 (中国标准时间),1640035762
澳ρ,14,10,'1.62,Tue Dec 21 2021 05:29:35 GMT+0800 (中国标准时间),1640035775
澳ρ,14,10,'0.98,Tue Dec 21 2021 05:29:41 GMT+0800 (中国标准时间),1640035781
岚千砂都,14,10,'1.07,Tue Dec 21 2021 09:01:14 GMT+0800 (中国标准时间),1640048474
圣泽悠奈,14,10,'1.85,Tue Dec 21 2021 09:03:22 GMT+0800 (中国标准时间),1640048602
是柯基诶,14,10,'1.00,Tue Dec 21 2021 09:05:02 GMT+0800 (中国标准时间),1640048702
平安名堇,20,14,'4.84,Tue Dec 21 2021 09:06:11 GMT+0800 (China Standard Time),1640048771
岚千砂都,14,10,'1.65,Tue Dec 21 2021 09:07:26 GMT+0800 (中国标准时间),1640048846
岚千砂都,20,14,'2.57,Tue Dec 21 2021 09:07:40 GMT+0800 (中国标准时间),1640048860
澳ρ,20,14,'1.96,Tue Dec 21 2021 09:08:18 GMT+0800 (中国标准时间),1640048898
澳ρ,20,14,'1.02,Tue Dec 21 2021 09:08:27 GMT+0800 (中国标准时间),1640048907
澳ρ,14,10,'1.57,Tue Dec 21 2021 09:26:13 GMT+0800 (中国标准时间),1640049973
澳ρ,14,10,'2.24,Tue Dec 21 2021 09:26:31 GMT+0800 (中国标准时间),1640049991
澳ρ,14,10,'2.24,Tue Dec 21 2021 09:26:40 GMT+0800 (中国标准时间),1640050000
涩谷香音,14,10,'2.71,Tue Dec 21 2021 09:46:35 GMT+0800 (中国标准时间),1640051195
涩谷香音,14,10,'2.89,Tue Dec 21 2021 09:49:00 GMT+0800 (中国标准时间),1640051340
圣泽悠奈,14,10,'2.36,Tue Dec 21 2021 09:49:42 GMT+0800 (China Standard Time),1640051382
涩谷香音,20,14,'1.81,Tue Dec 21 2021 09:54:26 GMT+0800 (China Standard Time),1640051666
唐可可,14,10,'2.66,Tue Dec 21 2021 09:57:40 GMT+0800 (中国标准时间),1640051860
唐可可,14,10,'2.67,Tue Dec 21 2021 09:57:46 GMT+0800 (中国标准时间),1640051866
唐可可,14,10,'1.40,Tue Dec 21 2021 09:57:50 GMT+0800 (中国标准时间),1640051870
hhh,14,10,'1.23,Tue Dec 21 2021 10:08:25 GMT+0800 (中国标准时间),1640052505
hhh,14,10,'1.07,Tue Dec 21 2021 10:08:53 GMT+0800 (中国标准时间),1640052533
岚千砂都,14,10,'1.43,Tue Dec 21 2021 10:14:33 GMT+0800 (中国标准时间),1640052873
澳ρ,14,10,'1.84,Tue Dec 21 2021 10:20:17 GMT+0800 (中国标准时间),1640053217
乾坤死基佬,20,14,'2.51,Tue Dec 21 2021 10:34:29 GMT+0800 (中国标准时间),1640054069
叶月恋,14,10,'2.54,Tue Dec 21 2021 10:40:08 GMT+0800 (中国标准时间),1640054408
宗文瑞,14,10,'1.94,Mon Dec 20 2021 21:44:24 GMT-0500 (Eastern Standard Time),1640054664
宗文瑞,20,14,'2.09,Mon Dec 20 2021 21:47:59 GMT-0500 (Eastern Standard Time),1640054879
宗文瑞,20,14,'1.66,Mon Dec 20 2021 21:49:11 GMT-0500 (Eastern Standard Time),1640054951
宗文瑞,64,55,'1.55,Mon Dec 20 2021 21:50:40 GMT-0500 (Eastern Standard Time),1640055040
圣泽悠奈,14,10,'1.22,Tue Dec 21 2021 10:52:49 GMT+0800 (中国标准时间),1640055169
圣泽悠奈,14,10,'0.90,Tue Dec 21 2021 10:53:04 GMT+0800 (中国标准时间),1640055184
圣泽悠奈,20,14,'4.87,Tue Dec 21 2021 11:16:37 GMT+0800 (中国标准时间),1640056597
叶月恋,14,10,'2.70,Tue Dec 21 2021 11:22:50 GMT+0800 (中国标准时间),1640056970
平安名堇,14,10,'1.70,Tue Dec 21 2021 11:24:13 GMT+0800 (中国标准时间),1640057053
唐可可,14,10,'1.90,Tue Dec 21 2021 11:29:18 GMT+0800 (中国标准时间),1640057358
唐可可,14,10,'2.06,Tue Dec 21 2021 11:46:47 GMT+0800 (中国标准时间),1640058407
唐可可,14,10,'1.64,Tue Dec 21 2021 11:47:21 GMT+0800 (中国标准时间),1640058441
澳ρ,14,10,'1.34,Tue Dec 21 2021 11:50:55 GMT+0800 (中国标准时间),1640058655
澳ρ,14,10,'1.78,Tue Dec 21 2021 11:51:22 GMT+0800 (中国标准时间),1640058682
澳ρ,14,10,'1.97,Tue Dec 21 2021 11:52:12 GMT+0800 (中国标准时间),1640058732
澳ρ,14,10,'2.43,Tue Dec 21 2021 11:53:37 GMT+0800 (中国标准时间),1640058817
唐可可,14,10,'1.85,Tue Dec 21 2021 11:54:52 GMT+0800 (中国标准时间),1640058892
圣泽悠奈,14,10,'2.76,Tue Dec 21 2021 12:49:45 GMT+0800 (中国标准时间),1640062185
澳ρ,14,10,'1.88,Tue Dec 21 2021 12:51:15 GMT+0800 (中国标准时间),1640062275
叶月恋,14,10,'2.53,Tue Dec 21 2021 12:57:25 GMT+0800 (中国标准时间),1640062645
叶月恋,14,10,'1.81,Tue Dec 21 2021 12:57:56 GMT+0800 (中国标准时间),1640062676
萧复暄,14,10,'2.77,Tue Dec 21 2021 13:06:42 GMT+0800 (中国标准时间),1640063202
岚千砂都,14,10,'1.49,Tue Dec 21 2021 13:21:17 GMT+0800 (中国标准时间),1640064077
岚千砂都,20,14,'2.48,Tue Dec 21 2021 13:21:36 GMT+0800 (中国标准时间),1640064096
岚千砂都,20,14,'2.61,Tue Dec 21 2021 13:22:01 GMT+0800 (中国标准时间),1640064121
平安名堇,20,14,'5.79,Tue Dec 21 2021 13:35:40 GMT+0800 (中国标准时间),1640064940
澳ρ,14,10,'1.97,Tue Dec 21 2021 13:40:29 GMT+0800 (中国标准时间),1640065229
澳ρ,20,14,'5.14,Tue Dec 21 2021 14:26:46 GMT+0800 (CST),1640068006
cupid,14,10,'2.83,Tue Dec 21 2021 14:38:30 GMT+0800 (中国标准时间),1640068710
哈哈大王,14,10,'1.33,Tue Dec 21 2021 14:38:59 GMT+0800 (中国标准时间),1640068739
cupid,14,10,'2.26,Tue Dec 21 2021 14:39:02 GMT+0800 (中国标准时间),1640068742
cupid,14,10,'1.23,Tue Dec 21 2021 14:39:09 GMT+0800 (中国标准时间),1640068749
cupid,14,10,'2.72,Tue Dec 21 2021 14:40:15 GMT+0800 (中国标准时间),1640068815
哭你几哇,14,10,'1.63,Tue Dec 21 2021 15:07:35 GMT+0800 (中国标准时间),1640070455
叶月恋,14,10,'1.93,Tue Dec 21 2021 15:57:07 GMT+0800 (CST),1640073427
叶月恋,14,10,'2.52,Tue Dec 21 2021 15:58:11 GMT+0800 (CST),1640073491
抗生素DFG,20,14,'4.05,Tue Dec 21 2021 16:03:07 GMT+0800 (中国标准时间),1640073787
平安名堇,14,10,'1.73,Tue Dec 21 2021 16:05:23 GMT+0800 (中国标准时间),1640073923
唐可可,20,14,'1.73,Tue Dec 21 2021 16:06:45 GMT+0800 (中国标准时间),1640074005
涩谷香音,20,14,'4.03,Tue Dec 21 2021 16:07:27 GMT+0800 (中国标准时间),1640074047
溪溪,14,10,'1.13,Tue Dec 21 2021 16:11:38 GMT+0800 (中国标准时间),1640074298
溪溪,14,10,'1.49,Tue Dec 21 2021 16:13:12 GMT+0800 (中国标准时间),1640074392
溪溪,14,10,'1.27,Tue Dec 21 2021 16:13:22 GMT+0800 (中国标准时间),1640074402
叶月恋,14,10,'0.96,Tue Dec 21 2021 16:13:34 GMT+0800 (中国标准时间),1640074414
岚千砂都,14,10,'1.69,Tue Dec 21 2021 16:39:44 GMT+0800 (中国标准时间),1640075984
唐可可,14,10,'1.66,Tue Dec 21 2021 17:33:47 GMT+0800 (China Standard Time),1640079227
涩谷香音,14,10,'1.20,Tue Dec 21 2021 17:48:15 GMT+0800 (中国标准时间),1640080095
澳ρ,14,10,'2.72,Tue Dec 21 2021 17:54:40 GMT+0800 (中国标准时间),1640080480
厄尔奇诺杨,14,10,'3.00,Tue Dec 21 2021 18:14:30 GMT+0800 (中国标准时间),1640081670
厄尔奇诺杨,14,10,'2.34,Tue Dec 21 2021 18:17:27 GMT+0800 (中国标准时间),1640081847
厄尔奇诺杨,14,10,'2.06,Tue Dec 21 2021 18:20:01 GMT+0800 (中国标准时间),1640082001
厄尔奇诺杨,14,10,'1.03,Tue Dec 21 2021 18:20:16 GMT+0800 (中国标准时间),1640082016
唐可可,14,10,'1.66,Tue Dec 21 2021 18:39:00 GMT+0800 (中国标准时间),1640083140
若能闪耀光芒,14,10,'2.35,Tue Dec 21 2021 19:49:34 GMT+0800 (中国标准时间),1640087374
叶月恋,14,10,'2.10,Tue Dec 21 2021 19:50:56 GMT+0800 (中国标准时间),1640087456
叶月恋,14,10,'1.52,Tue Dec 21 2021 19:51:08 GMT+0800 (中国标准时间),1640087468
叶月恋,14,10,'1.93,Tue Dec 21 2021 19:51:49 GMT+0800 (中国标准时间),1640087509
叶月恋,14,10,'1.17,Tue Dec 21 2021 19:51:57 GMT+0800 (中国标准时间),1640087517
叶月恋,14,10,'1.31,Tue Dec 21 2021 19:52:13 GMT+0800 (中国标准时间),1640087533
叶月恋,14,10,'1.50,Tue Dec 21 2021 19:52:20 GMT+0800 (中国标准时间),1640087540
叶月恋,14,10,'1.28,Tue Dec 21 2021 19:52:25 GMT+0800 (中国标准时间),1640087545
胡桃,14,10,'2.47,Tue Dec 21 2021 19:52:57 GMT+0800 (CST),1640087577
胡桃,14,10,'2.29,Tue Dec 21 2021 19:53:13 GMT+0800 (CST),1640087593
胡桃,20,14,'4.34,Tue Dec 21 2021 19:54:43 GMT+0800 (CST),1640087683
胡桃,20,14,'2.18,Tue Dec 21 2021 19:55:38 GMT+0800 (CST),1640087738
胡桃,14,10,'1.96,Tue Dec 21 2021 19:56:27 GMT+0800 (CST),1640087787
唐可可,14,10,'2.28,Tue Dec 21 2021 20:11:54 GMT+0800 (CST),1640088714
澳ρ,14,10,'1.03,Tue Dec 21 2021 20:28:51 GMT+0800 (中国标准时间),1640089731
圣泽悠奈,14,10,'1.51,Tue Dec 21 2021 20:54:07 GMT+0800 (中国标准时间),1640091247
圣泽悠奈,14,10,'0.90,Tue Dec 21 2021 20:54:28 GMT+0800 (中国标准时间),1640091268
鸽子，就这？,14,10,'1.12,Tue Dec 21 2021 21:20:19 GMT+0800 (中国标准时间),1640092819
叶月恋,14,10,'2.42,Tue Dec 21 2021 21:24:50 GMT+0800 (中国标准时间),1640093090
叶月恋,14,10,'1.78,Tue Dec 21 2021 21:25:10 GMT+0800 (中国标准时间),1640093110
岚千砂都,14,10,'2.51,Tue Dec 21 2021 21:41:13 GMT+0800 (中国标准时间),1640094073
圣泽悠奈,14,10,'2.33,Tue Dec 21 2021 22:00:18 GMT+0800 (中国标准时间),1640095218
落星沉月,14,10,'2.35,Tue Dec 21 2021 22:22:54 GMT+0800 (中国标准时间),1640096574
万,14,10,'2.89,Tue Dec 21 2021 22:24:14 GMT+0800 (中国标准时间),1640096654
指北z.,14,10,'1.86,Tue Dec 21 2021 22:30:09 GMT+0800 (中国标准时间),1640097009
指北z.,14,10,'2.29,Tue Dec 21 2021 22:32:21 GMT+0800 (中国标准时间),1640097141
指北z.,14,10,'0.99,Tue Dec 21 2021 22:33:46 GMT+0800 (中国标准时间),1640097226
叶月恋,14,10,'2.22,Tue Dec 21 2021 22:36:09 GMT+0800 (中国标准时间),1640097369
MZK,14,10,'1.96,Tue Dec 21 2021 22:51:11 GMT+0800 (中国标准时间),1640098271
MZK,14,10,'1.89,Tue Dec 21 2021 22:52:59 GMT+0800 (中国标准时间),1640098379
MZK,14,10,'1.48,Tue Dec 21 2021 22:56:12 GMT+0800 (中国标准时间),1640098572
MZK,14,10,'1.16,Tue Dec 21 2021 22:58:14 GMT+0800 (中国标准时间),1640098694
唐可可,14,10,'1.62,Tue Dec 21 2021 22:58:36 GMT+0800 (中国标准时间),1640098716
MZK,14,10,'1.92,Tue Dec 21 2021 23:01:36 GMT+0800 (中国标准时间),1640098896
MZK,14,10,'2.46,Tue Dec 21 2021 23:03:17 GMT+0800 (中国标准时间),1640098997
MZK,14,10,'1.88,Tue Dec 21 2021 23:04:14 GMT+0800 (中国标准时间),1640099054
MZK,14,10,'1.37,Tue Dec 21 2021 23:04:28 GMT+0800 (中国标准时间),1640099068
MZK,14,10,'2.86,Tue Dec 21 2021 23:04:38 GMT+0800 (中国标准时间),1640099078
平安名堇,14,10,'2.11,Tue Dec 21 2021 23:04:58 GMT+0800 (中国标准时间),1640099098
MZK,14,10,'1.44,Tue Dec 21 2021 23:05:36 GMT+0800 (中国标准时间),1640099136
MZK,14,10,'1.42,Tue Dec 21 2021 23:06:00 GMT+0800 (中国标准时间),1640099160
MZK,14,10,'2.13,Tue Dec 21 2021 23:06:31 GMT+0800 (中国标准时间),1640099191
MZK,14,10,'2.59,Tue Dec 21 2021 23:06:38 GMT+0800 (中国标准时间),1640099198
MZK,14,10,'1.51,Tue Dec 21 2021 23:06:43 GMT+0800 (中国标准时间),1640099203
MZK,20,14,'4.67,Tue Dec 21 2021 23:07:39 GMT+0800 (中国标准时间),1640099259
岚千砂都,14,10,'2.36,Tue Dec 21 2021 23:54:54 GMT+0800 (中国标准时间),1640102094
岚千砂都,14,14,'2.20,Tue Dec 21 2021 23:55:26 GMT+0800 (中国标准时间),1640102126
